-- phpMyAdmin SQL Dump
-- version 5.2.1
-- https://www.phpmyadmin.net/
--
-- Host: 127.0.0.1
-- Generation Time: Jan 04, 2024 at 10:01 PM
-- Server version: 10.4.32-MariaDB
-- PHP Version: 8.2.12

SET SQL_MODE = "NO_AUTO_VALUE_ON_ZERO";
START TRANSACTION;
SET time_zone = "+00:00";


/*!40101 SET @OLD_CHARACTER_SET_CLIENT=@@CHARACTER_SET_CLIENT */;
/*!40101 SET @OLD_CHARACTER_SET_RESULTS=@@CHARACTER_SET_RESULTS */;
/*!40101 SET @OLD_COLLATION_CONNECTION=@@COLLATION_CONNECTION */;
/*!40101 SET NAMES utf8mb4 */;

--
-- Database: `databaza`
--

-- --------------------------------------------------------

--
-- Table structure for table `aeroportet`
--

CREATE TABLE `aeroportet` (
  `aeroporti_id` int(11) NOT NULL,
  `emri_aeroportit` text NOT NULL,
  `shteti_id` int(11) DEFAULT NULL
) ENGINE=InnoDB DEFAULT CHARSET=utf8mb4 COLLATE=utf8mb4_general_ci;

--
-- Dumping data for table `aeroportet`
--

INSERT INTO `aeroportet` (`aeroporti_id`, `emri_aeroportit`, `shteti_id`) VALUES
(1, 'GOA', 1),
(2, 'BRI', 1),
(3, 'MXP', 1),
(4, 'PSA', 1),
(5, 'TIA', 3),
(6, 'BLQ', 1),
(7, 'FRA', 4),
(8, 'MUC', 4),
(9, 'BVA', 2),
(10, 'XCR', 2);

-- --------------------------------------------------------

--
-- Table structure for table `avionet`
--

CREATE TABLE `avionet` (
  `avioni_id` int(11) NOT NULL,
  `emri_avionit` text NOT NULL,
  `kapaciteti` int(11) NOT NULL
) ENGINE=InnoDB DEFAULT CHARSET=utf8mb4 COLLATE=utf8mb4_general_ci;

--
-- Dumping data for table `avionet`
--

INSERT INTO `avionet` (`avioni_id`, `emri_avionit`, `kapaciteti`) VALUES
(1, 'Boeing 737', 150),
(2, 'Airbus A320', 180),
(3, 'Boeing 747', 400);

-- --------------------------------------------------------

--
-- Table structure for table `fluturimet`
--

CREATE TABLE `fluturimet` (
  `fluturimi_id` int(11) NOT NULL,
  `numri_fluturimit` text NOT NULL,
  `aeroporti_nisjes_id` int(11) DEFAULT NULL,
  `aeroporti_destinacionit_id` int(11) DEFAULT NULL,
  `ora_e_nisjes` datetime NOT NULL,
  `ora_e_mberritjes` datetime NOT NULL,
  `avioni_id` int(11) DEFAULT NULL,
  `cmime_ekonomik` decimal(10,0) DEFAULT NULL,
  `cmime_first` decimal(10,0) DEFAULT NULL,
  `vende_te_lira` int(100) NOT NULL
) ENGINE=InnoDB DEFAULT CHARSET=utf8mb4 COLLATE=utf8mb4_general_ci;

--
-- Dumping data for table `fluturimet`
--

INSERT INTO `fluturimet` (`fluturimi_id`, `numri_fluturimit`, `aeroporti_nisjes_id`, `aeroporti_destinacionit_id`, `ora_e_nisjes`, `ora_e_mberritjes`, `avioni_id`, `cmime_ekonomik`, `cmime_first`, `vende_te_lira`) VALUES
(1, 'FL001', 5, 1, '2023-12-27 08:00:00', '2023-12-27 12:00:00', 1, 70, 90, 0),
(2, 'FL002', 5, 2, '2023-12-28 14:00:00', '2023-12-28 18:00:00', 2, 75, 100, 0),
(3, 'FL003', 5, 7, '2023-12-29 10:00:00', '2023-12-29 14:00:00', 3, 77, 95, 0),
(4, 'FL004', 5, 2, '2023-12-27 08:00:00', '2023-12-27 12:00:00', 3, 75, 91, 0),
(5, 'FL005', 1, 5, '2023-12-28 14:00:00', '2023-12-28 18:00:00', 1, 80, 97, 0),
(6, 'FL006', 2, 7, '2023-12-29 10:00:00', '2023-12-29 14:00:00', 2, 85, 97, 0),
(7, 'FL007', 10, 5, '2024-01-16 14:30:00', '2023-12-27 12:00:00', 2, 90, 100, 0),
(8, 'FL008', 7, 5, '2023-12-28 14:00:00', '2023-12-28 18:00:00', 3, 70, 80, 0),
(9, 'FL009', 5, 8, '2023-12-29 10:00:00', '2023-12-31 14:00:00', 3, 75, 82, 0),
(10, 'FL010', 5, 8, '2024-01-24 23:59:00', '2023-12-31 00:00:00', 2, 95, 110, 0),
(11, 'FL011', 3, 6, '2024-02-10 09:30:00', '2024-02-10 13:30:00', 1, 85, 105, 0),
(12, 'FL012', 8, 4, '2024-02-15 12:00:00', '2024-02-15 16:00:00', 2, 78, 92, 0),
(13, 'FL013', 5, 10, '2024-02-20 08:45:00', '2024-02-20 12:45:00', 3, 92, 115, 0),
(14, 'FL014', 2, 1, '2024-02-25 17:30:00', '2024-02-25 21:30:00', 1, 88, 98, 0),
(15, 'FL015', 6, 9, '2024-03-02 10:15:00', '2024-03-02 14:15:00', 2, 76, 88, 0),
(16, 'FL016', 4, 8, '2024-03-07 13:45:00', '2024-03-07 17:45:00', 3, 81, 93, 0),
(17, 'FL017', 7, 3, '2024-03-12 19:00:00', '2024-03-12 23:00:00', 1, 89, 102, 0),
(18, 'FL018', 9, 6, '2024-03-17 08:30:00', '2024-03-17 12:30:00', 2, 95, 108, 0),
(19, 'FL019', 1, 4, '2024-03-22 14:20:00', '2024-03-22 18:20:00', 3, 82, 95, 0),
(20, 'FL020', 10, 2, '2024-03-27 11:10:00', '2024-03-27 15:10:00', 1, 77, 85, 0),
(21, 'FL021', 5, 7, '2024-04-01 16:40:00', '2024-04-01 20:40:00', 2, 90, 105, 0),
(22, 'FL022', 8, 5, '2024-04-06 22:05:00', '2024-04-07 02:05:00', 3, 79, 93, 0),
(23, 'FL023', 3, 1, '2024-04-11 03:20:00', '2024-04-11 07:20:00', 1, 85, 98, 0),
(24, 'FL024', 6, 9, '2024-04-16 09:55:00', '2024-04-16 13:55:00', 2, 93, 108, 0),
(25, 'FL025', 2, 4, '2024-04-21 15:30:00', '2024-04-21 19:30:00', 3, 77, 85, 0),
(26, 'FL026', 4, 8, '2024-04-26 21:05:00', '2024-04-26 01:05:00', 1, 85, 95, 0),
(27, 'FL027', 7, 3, '2024-05-01 07:30:00', '2024-05-01 11:30:00', 2, 92, 108, 0),
(28, 'FL028', 9, 6, '2024-05-06 12:15:00', '2024-05-06 16:15:00', 3, 78, 92, 0),
(29, 'FL029', 1, 4, '2024-05-11 17:50:00', '2024-05-11 21:50:00', 1, 86, 100, 0),
(30, 'FL030', 10, 2, '2024-05-16 23:25:00', '2024-05-17 03:25:00', 2, 89, 105, 0),
(31, 'FL031', 5, 7, '2024-05-21 04:40:00', '2024-05-21 08:40:00', 3, 76, 90, 0),
(32, 'FL032', 8, 5, '2024-05-26 10:05:00', '2024-05-26 14:05:00', 1, 92, 110, 0),
(33, 'FL033', 3, 1, '2024-05-31 15:30:00', '2024-05-31 19:30:00', 2, 79, 94, 0),
(34, 'FL034', 6, 9, '2024-06-05 20:55:00', '2024-06-06 00:55:00', 3, 88, 105, 0),
(35, 'FL035', 2, 4, '2024-06-10 02:30:00', '2024-06-10 06:30:00', 1, 75, 85, 0),
(36, 'FL036', 4, 8, '2024-06-15 08:05:00', '2024-06-15 12:05:00', 2, 91, 108, 0),
(37, 'FL037', 7, 3, '2024-06-20 13:30:00', '2024-06-20 17:30:00', 3, 77, 92, 0),
(38, 'FL038', 9, 6, '2024-06-25 18:15:00', '2024-06-25 22:15:00', 1, 85, 100, 0),
(39, 'FL039', 1, 4, '2024-06-30 23:50:00', '2024-07-01 03:50:00', 2, 90, 105, 0),
(40, 'FL040', 10, 2, '2024-07-05 05:15:00', '2024-07-05 09:15:00', 3, 78, 92, 0),
(41, 'FL041', 1, 5, '2024-01-09 19:15:00', '2024-01-09 20:45:00', 3, 79, 92, 0),
(42, 'FL042', 1, 5, '2024-01-10 05:15:00', '2024-01-10 06:15:00', 3, 70, 90, 0),
(43, 'FL043', 1, 5, '2024-01-11 07:15:00', '2024-01-11 08:15:00', 3, 70, 92, 0),
(44, 'FL044', 1, 5, '2024-01-12 17:15:00', '2024-01-12 18:15:00', 3, 69, 78, 0),
(45, 'FL045', 1, 5, '2024-01-13 09:15:00', '2024-01-13 10:15:00', 3, 75, 88, 0),
(46, 'FL046', 1, 5, '2024-01-14 13:15:00', '2024-01-14 14:15:00', 3, 80, 95, 0),
(47, 'FL047', 1, 5, '2024-01-15 18:15:00', '2024-01-15 19:15:00', 3, 85, 100, 0),
(48, 'FL048', 1, 5, '2024-01-16 23:15:00', '2024-01-17 00:15:00', 3, 78, 92, 0),
(49, 'FL049', 1, 5, '2024-01-17 15:15:00', '2024-01-18 16:15:00', 3, 72, 88, 0),
(50, 'FL050', 1, 5, '2024-01-18 05:15:00', '2024-01-18 06:15:00', 3, 72, 88, 0),
(51, 'FL051', 1, 5, '2024-01-19 11:15:00', '2024-01-19 12:15:00', 3, 76, 94, 0),
(52, 'FL052', 1, 5, '2024-01-20 17:15:00', '2024-01-20 18:15:00', 3, 79, 92, 0),
(53, 'FL053', 1, 5, '2024-01-21 21:15:00', '2024-01-21 22:15:00', 3, 81, 95, 0),
(54, 'FL054', 1, 5, '2024-01-22 13:15:00', '2024-01-22 14:15:00', 3, 77, 90, 0),
(55, 'FL055', 1, 5, '2024-01-23 09:15:00', '2024-01-23 10:15:00', 3, 73, 88, 0),
(56, 'FL056', 1, 5, '2024-01-24 15:15:00', '2024-01-24 16:15:00', 3, 79, 94, 0),
(57, 'FL057', 1, 5, '2024-01-25 19:15:00', '2024-01-25 20:15:00', 3, 84, 100, 0),
(58, 'FL058', 1, 5, '2024-01-26 23:15:00', '2024-01-27 00:15:00', 3, 77, 92, 0),
(59, 'FL059', 1, 5, '2024-01-28 05:15:00', '2024-01-28 06:15:00', 3, 71, 88, 0),
(60, 'FL060', 1, 5, '2024-01-29 11:15:00', '2024-01-29 12:15:00', 3, 75, 94, 0),
(61, 'FL061', 1, 5, '2024-01-30 17:15:00', '2024-01-30 18:15:00', 3, 80, 98, 0),
(62, 'FL062', 1, 5, '2024-01-30 18:15:00', '2024-01-30 19:15:00', 3, 80, 90, 0),
(63, 'FL063', 5, 1, '2024-01-09 15:00:00', '2024-01-09 16:15:00', 3, 75, 94, 0),
(64, 'FL064', 5, 1, '2024-01-10 05:15:00', '2024-01-10 06:15:00', 3, 79, 98, 0),
(65, 'FL065', 5, 1, '2024-01-11 11:15:00', '2024-01-11 12:15:00', 3, 84, 92, 0),
(66, 'FL066', 5, 1, '2024-01-12 17:15:00', '2024-01-12 18:15:00', 3, 78, 88, 0),
(67, 'FL066', 5, 1, '2024-01-13 23:15:00', '2024-01-14 00:15:00', 3, 82, 94, 0),
(68, 'FL068', 5, 1, '2024-01-15 09:15:00', '2024-01-15 10:15:00', 3, 87, 98, 0),
(69, 'FL069', 5, 1, '2024-01-16 15:15:00', '2024-01-16 16:15:00', 3, 80, 92, 0),
(70, 'FL070', 5, 1, '2024-01-17 21:15:00', '2024-01-17 22:15:00', 3, 85, 96, 0),
(71, 'FL071', 5, 1, '2024-01-18 13:15:00', '2024-01-18 14:15:00', 3, 90, 100, 0),
(72, 'FL072', 5, 1, '2024-01-19 09:15:00', '2024-01-19 10:15:00', 3, 78, 88, 0),
(73, 'FL073', 5, 1, '2024-01-20 15:15:00', '2024-01-20 16:15:00', 3, 82, 94, 0),
(74, 'FL074', 5, 1, '2024-01-21 23:15:00', '2024-01-22 00:15:00', 3, 87, 98, 0),
(75, 'FL075', 5, 1, '2024-01-23 09:15:00', '2024-01-23 10:15:00', 3, 80, 92, 0),
(76, 'FL076', 5, 1, '2024-01-24 15:15:00', '2024-01-24 16:15:00', 3, 85, 96, 0),
(77, 'FL077', 5, 1, '2024-01-25 21:15:00', '2024-01-25 22:15:00', 3, 90, 100, 0),
(78, 'FL078', 5, 1, '2024-01-26 13:15:00', '2024-01-26 14:15:00', 3, 78, 88, 0),
(79, 'FL079', 5, 1, '2024-01-27 19:15:00', '2024-01-27 20:15:00', 3, 82, 94, 0),
(80, 'FL080', 5, 1, '2024-01-28 09:15:00', '2024-01-28 10:15:00', 3, 87, 98, 0),
(81, 'FL081', 5, 1, '2024-01-29 15:15:00', '2024-01-29 16:15:00', 3, 80, 92, 0),
(82, 'FL082', 5, 1, '2024-01-30 21:15:00', '2024-01-30 22:15:00', 3, 85, 96, 0),
(83, 'FL083', 5, 1, '2024-01-31 13:15:00', '2024-01-31 14:15:00', 3, 90, 100, 0),
(84, 'FL084', 1, 7, '2024-01-09 15:30:00', '2024-01-09 17:00:00', 3, 80, 100, 0),
(85, 'FL085', 1, 7, '2024-01-10 06:30:00', '2024-01-10 07:30:00', 3, 85, 110, 0),
(86, 'FL086', 1, 7, '2024-01-11 12:30:00', '2024-01-11 13:30:00', 3, 90, 120, 0),
(87, 'FL087', 1, 7, '2024-01-12 18:30:00', '2024-01-12 19:30:00', 3, 75, 95, 0),
(88, 'FL088', 1, 7, '2024-01-13 00:30:00', '2024-01-13 01:30:00', 3, 80, 100, 0),
(89, 'FL089', 1, 7, '2024-01-15 10:30:00', '2024-01-15 11:30:00', 3, 85, 110, 0),
(90, 'FL090', 1, 7, '2024-01-16 16:30:00', '2024-01-16 17:30:00', 3, 90, 120, 0),
(91, 'FL091', 1, 7, '2024-01-17 22:30:00', '2024-01-17 23:30:00', 3, 75, 95, 0),
(92, 'FL092', 1, 7, '2024-01-18 14:30:00', '2024-01-18 15:30:00', 3, 80, 100, 0),
(93, 'FL093', 1, 7, '2024-01-19 08:30:00', '2024-01-19 09:30:00', 3, 85, 110, 0),
(94, 'FL094', 1, 7, '2024-01-20 16:30:00', '2024-01-20 17:30:00', 3, 90, 120, 0),
(95, 'FL095', 1, 7, '2024-01-21 00:30:00', '2024-01-21 01:30:00', 3, 75, 95, 0),
(96, 'FL096', 1, 7, '2024-01-22 14:30:00', '2024-01-22 15:30:00', 3, 80, 100, 0),
(97, 'FL097', 1, 7, '2024-01-23 10:30:00', '2024-01-23 11:30:00', 3, 85, 110, 0),
(98, 'FL098', 1, 7, '2024-01-24 16:30:00', '2024-01-24 17:30:00', 3, 90, 120, 0),
(99, 'FL099', 1, 7, '2024-01-25 22:30:00', '2024-01-25 23:30:00', 3, 75, 95, 0),
(100, 'FL100', 1, 7, '2024-01-26 14:30:00', '2024-01-26 15:30:00', 3, 80, 100, 0),
(101, 'FL101', 1, 7, '2024-01-27 08:30:00', '2024-01-27 09:30:00', 3, 85, 110, 0),
(102, 'FL102', 1, 7, '2024-01-28 16:30:00', '2024-01-28 17:30:00', 3, 90, 120, 0),
(103, 'FL103', 1, 7, '2024-01-29 22:30:00', '2024-01-29 23:30:00', 3, 75, 95, 0),
(104, 'FL104', 1, 7, '2024-01-30 14:30:00', '2024-01-30 15:30:00', 3, 80, 100, 0),
(105, 'FL105', 1, 7, '2024-01-31 10:30:00', '2024-01-31 11:30:00', 3, 85, 110, 0),
(106, 'FL106', 1, 7, '2024-01-31 16:30:00', '2024-01-31 17:30:00', 3, 90, 120, 0),
(107, 'FL107', 7, 1, '2024-01-09 15:45:00', '2024-01-09 17:15:00', 3, 85, 105, 0),
(108, 'FL108', 7, 1, '2024-01-10 05:45:00', '2024-01-10 06:45:00', 3, 90, 115, 0),
(109, 'FL109', 7, 1, '2024-01-11 11:45:00', '2024-01-11 12:45:00', 3, 95, 125, 0),
(110, 'FL110', 7, 1, '2024-01-12 17:45:00', '2024-01-12 18:45:00', 3, 80, 100, 0),
(111, 'FL111', 7, 1, '2024-01-13 23:45:00', '2024-01-14 00:45:00', 3, 85, 105, 0),
(112, 'FL112', 7, 1, '2024-01-15 09:45:00', '2024-01-15 10:45:00', 3, 90, 115, 0),
(113, 'FL113', 7, 1, '2024-01-16 15:45:00', '2024-01-16 16:45:00', 3, 95, 125, 0),
(114, 'FL114', 7, 1, '2024-01-17 21:45:00', '2024-01-17 22:45:00', 3, 80, 100, 0),
(115, 'FL115', 7, 1, '2024-01-18 13:45:00', '2024-01-18 14:45:00', 3, 85, 105, 0),
(116, 'FL116', 7, 1, '2024-01-19 08:45:00', '2024-01-19 09:45:00', 3, 90, 115, 0),
(117, 'FL117', 7, 1, '2024-01-20 16:45:00', '2024-01-20 17:45:00', 3, 95, 125, 0),
(118, 'FL118', 7, 1, '2024-01-21 00:45:00', '2024-01-21 01:45:00', 3, 80, 100, 0),
(119, 'FL119', 7, 1, '2024-01-22 14:45:00', '2024-01-22 15:45:00', 3, 85, 105, 0),
(120, 'FL120', 7, 1, '2024-01-23 10:45:00', '2024-01-23 11:45:00', 3, 90, 115, 0),
(121, 'FL121', 7, 1, '2024-01-24 16:45:00', '2024-01-24 17:45:00', 3, 95, 125, 0),
(122, 'FL122', 7, 1, '2024-01-25 22:45:00', '2024-01-25 23:45:00', 3, 80, 100, 0),
(123, 'FL123', 7, 1, '2024-01-26 14:45:00', '2024-01-26 15:45:00', 3, 85, 105, 0),
(124, 'FL124', 7, 1, '2024-01-27 08:45:00', '2024-01-27 09:45:00', 3, 90, 115, 0),
(125, 'FL125', 7, 1, '2024-01-28 16:45:00', '2024-01-28 17:45:00', 3, 95, 125, 0),
(126, 'FL126', 7, 1, '2024-01-29 22:45:00', '2024-01-29 23:45:00', 3, 80, 100, 0),
(127, 'FL127', 7, 1, '2024-01-30 14:45:00', '2024-01-30 15:45:00', 3, 85, 105, 0),
(128, 'FL128', 7, 1, '2024-01-31 10:45:00', '2024-01-31 11:45:00', 3, 90, 115, 0),
(129, 'FL129', 7, 1, '2024-01-31 16:45:00', '2024-01-31 17:45:00', 3, 95, 125, 0),
(130, 'FL130', 1, 8, '2024-01-09 15:30:00', '2024-01-09 16:30:00', 3, 85, 105, 0),
(131, 'FL131', 1, 8, '2024-01-10 05:30:00', '2024-01-10 06:30:00', 3, 90, 115, 0),
(132, 'FL132', 1, 8, '2024-01-11 10:30:00', '2024-01-11 11:30:00', 3, 95, 125, 0),
(133, 'FL133', 1, 8, '2024-01-12 16:30:00', '2024-01-12 17:30:00', 3, 80, 100, 0),
(134, 'FL134', 1, 8, '2024-01-13 22:30:00', '2024-01-13 23:30:00', 3, 85, 110, 0),
(135, 'FL135', 1, 8, '2024-01-15 08:30:00', '2024-01-15 09:30:00', 3, 90, 115, 0),
(136, 'FL136', 1, 8, '2024-01-16 14:30:00', '2024-01-16 15:30:00', 3, 95, 125, 0),
(137, 'FL137', 1, 8, '2024-01-17 20:30:00', '2024-01-17 21:30:00', 3, 80, 100, 0),
(138, 'FL138', 1, 8, '2024-01-18 12:30:00', '2024-01-18 13:30:00', 3, 85, 110, 0),
(139, 'FL139', 1, 8, '2024-01-19 07:30:00', '2024-01-19 08:30:00', 3, 90, 115, 0),
(140, 'FL140', 1, 8, '2024-01-20 15:30:00', '2024-01-20 16:30:00', 3, 95, 125, 0),
(141, 'FL141', 1, 8, '2024-01-21 21:30:00', '2024-01-21 22:30:00', 3, 80, 100, 0),
(142, 'FL142', 1, 8, '2024-01-22 13:30:00', '2024-01-22 14:30:00', 3, 85, 110, 0),
(143, 'FL143', 1, 8, '2024-01-23 09:30:00', '2024-01-23 10:30:00', 3, 90, 115, 0),
(144, 'FL144', 1, 8, '2024-01-24 15:30:00', '2024-01-24 16:30:00', 3, 95, 125, 0),
(145, 'FL145', 1, 8, '2024-01-25 19:30:00', '2024-01-25 20:30:00', 3, 80, 100, 0),
(146, 'FL146', 1, 8, '2024-01-26 23:30:00', '2024-01-27 00:30:00', 3, 85, 110, 0),
(147, 'FL147', 1, 8, '2024-01-28 05:30:00', '2024-01-28 06:30:00', 3, 90, 115, 0),
(148, 'FL148', 1, 8, '2024-01-29 11:30:00', '2024-01-29 12:30:00', 3, 95, 125, 0),
(149, 'FL149', 1, 8, '2024-01-30 17:30:00', '2024-01-30 18:30:00', 3, 80, 100, 0),
(150, 'FL150', 1, 8, '2024-01-31 23:30:00', '2024-02-01 00:30:00', 3, 85, 110, 0),
(151, 'FL151', 8, 1, '2024-01-09 12:30:00', '2024-01-08 13:30:00', 3, 85, 110, 0),
(152, 'FL152', 8, 1, '2024-01-10 07:30:00', '2024-01-09 08:30:00', 3, 90, 115, 0),
(153, 'FL153', 8, 1, '2024-01-11 15:30:00', '2024-01-10 16:30:00', 3, 95, 125, 0),
(154, 'FL154', 8, 1, '2024-01-12 21:30:00', '2024-01-11 22:30:00', 3, 80, 100, 0),
(155, 'FL155', 8, 1, '2024-01-13 13:30:00', '2024-01-12 14:30:00', 3, 85, 110, 0),
(156, 'FL156', 8, 1, '2024-01-14 09:30:00', '2024-01-13 10:30:00', 3, 90, 115, 0),
(157, 'FL157', 8, 1, '2024-01-15 15:30:00', '2024-01-14 16:30:00', 3, 95, 125, 0),
(158, 'FL158', 8, 1, '2024-01-16 19:30:00', '2024-01-15 20:30:00', 3, 80, 100, 0),
(159, 'FL159', 8, 1, '2024-01-17 23:30:00', '2024-01-17 00:30:00', 3, 85, 110, 0),
(160, 'FL160', 8, 1, '2024-01-18 05:30:00', '2024-01-18 06:30:00', 3, 90, 115, 0),
(161, 'FL161', 8, 1, '2024-01-19 11:30:00', '2024-01-19 12:30:00', 3, 95, 125, 0),
(162, 'FL162', 8, 1, '2024-01-20 17:30:00', '2024-01-20 18:30:00', 3, 80, 100, 0),
(163, 'FL163', 8, 1, '2024-01-21 23:30:00', '2024-01-22 00:30:00', 3, 85, 110, 0),
(164, 'FL164', 8, 1, '2024-01-22 05:30:00', '2024-01-23 06:30:00', 3, 90, 115, 0),
(165, 'FL165', 8, 1, '2024-01-23 11:30:00', '2024-01-24 12:30:00', 3, 95, 125, 0),
(166, 'FL166', 8, 1, '2024-01-24 17:30:00', '2024-01-25 18:30:00', 3, 80, 100, 0),
(167, 'FL167', 8, 1, '2024-01-25 23:30:00', '2024-01-27 00:30:00', 3, 85, 110, 0),
(168, 'FL168', 8, 1, '2024-01-26 05:30:00', '2024-01-28 06:30:00', 3, 90, 115, 0),
(169, 'FL169', 8, 1, '2024-01-27 11:30:00', '2024-01-29 12:30:00', 3, 95, 125, 0),
(170, 'FL170', 8, 1, '2024-01-28 17:30:00', '2024-01-30 18:30:00', 3, 80, 100, 0),
(171, 'FL171', 8, 1, '2024-01-29 23:30:00', '2024-02-01 00:30:00', 3, 85, 110, 0),
(172, 'FL172', 8, 1, '2024-01-30 23:30:00', '2024-02-01 00:30:00', 3, 85, 110, 0),
(173, 'FL173', 8, 1, '2024-01-31 23:30:00', '2024-02-01 00:30:00', 3, 85, 110, 0),
(174, 'FL174', 1, 9, '2024-01-10 07:30:00', '2024-01-10 08:30:00', 3, 90, 115, 0),
(175, 'FL175', 1, 9, '2024-01-11 15:30:00', '2024-01-11 16:30:00', 3, 95, 125, 0),
(176, 'FL176', 1, 9, '2024-01-12 21:30:00', '2024-01-12 22:30:00', 3, 80, 100, 0),
(177, 'FL177', 1, 9, '2024-01-13 13:30:00', '2024-01-13 14:30:00', 3, 85, 110, 0),
(178, 'FL178', 1, 9, '2024-01-14 09:30:00', '2024-01-14 10:30:00', 3, 90, 115, 0),
(179, 'FL179', 1, 9, '2024-01-15 15:30:00', '2024-01-15 16:30:00', 3, 95, 125, 0),
(180, 'FL180', 1, 9, '2024-01-16 19:30:00', '2024-01-16 20:30:00', 3, 80, 100, 0),
(181, 'FL181', 1, 9, '2024-01-17 23:30:00', '2024-01-18 00:30:00', 3, 85, 110, 0),
(182, 'FL182', 1, 9, '2024-01-19 12:30:00', '2024-01-19 13:30:00', 3, 90, 115, 0),
(183, 'FL183', 1, 9, '2024-01-20 07:30:00', '2024-01-20 08:30:00', 3, 95, 125, 0),
(184, 'FL184', 1, 9, '2024-01-21 15:30:00', '2024-01-21 16:30:00', 3, 80, 100, 0),
(185, 'FL185', 1, 9, '2024-01-22 09:30:00', '2024-01-22 10:30:00', 3, 85, 110, 0),
(186, 'FL186', 1, 9, '2024-01-23 13:30:00', '2024-01-23 14:30:00', 3, 90, 115, 0),
(187, 'FL187', 1, 9, '2024-01-24 18:30:00', '2024-01-24 19:30:00', 3, 95, 125, 0),
(188, 'FL188', 1, 9, '2024-01-25 23:30:00', '2024-01-26 00:30:00', 3, 80, 100, 0),
(189, 'FL189', 1, 9, '2024-01-27 05:30:00', '2024-01-27 06:30:00', 3, 85, 110, 0),
(190, 'FL190', 1, 9, '2024-01-28 11:30:00', '2024-01-28 12:30:00', 3, 90, 115, 0),
(191, 'FL191', 1, 9, '2024-01-29 17:30:00', '2024-01-29 18:30:00', 3, 95, 125, 0),
(192, 'FL192', 1, 9, '2024-01-30 21:30:00', '2024-01-30 22:30:00', 3, 80, 100, 0),
(193, 'FL193', 1, 9, '2024-01-31 02:30:00', '2024-01-31 03:30:00', 3, 85, 110, 0),
(195, 'FL195', 9, 1, '2024-01-09 09:30:00', '2024-01-09 10:30:00', 3, 100, 120, 0),
(196, 'FL196', 9, 1, '2024-01-10 18:30:00', '2024-01-10 19:30:00', 3, 110, 130, 0),
(197, 'FL197', 9, 1, '2024-01-11 23:30:00', '2024-01-12 00:30:00', 3, 120, 140, 0),
(198, 'FL198', 9, 1, '2024-01-12 14:30:00', '2024-01-12 15:30:00', 3, 130, 150, 0),
(199, 'FL199', 9, 1, '2024-01-13 08:30:00', '2024-01-13 09:30:00', 3, 140, 160, 0),
(200, 'FL200', 9, 1, '2024-01-14 12:30:00', '2024-01-14 13:30:00', 3, 150, 170, 0),
(201, 'FL201', 9, 1, '2024-01-15 17:30:00', '2024-01-15 18:30:00', 3, 160, 180, 0),
(202, 'FL202', 9, 1, '2024-01-16 21:30:00', '2024-01-16 22:30:00', 3, 170, 190, 0),
(203, 'FL203', 9, 1, '2024-01-17 02:30:00', '2024-01-17 03:30:00', 3, 180, 200, 0),
(204, 'FL204', 9, 1, '2024-01-18 07:30:00', '2024-01-18 08:30:00', 3, 190, 210, 0),
(205, 'FL205', 9, 1, '2024-01-19 09:30:00', '2024-01-19 10:30:00', 3, 100, 120, 0),
(206, 'FL206', 9, 1, '2024-01-20 18:30:00', '2024-01-20 19:30:00', 3, 110, 130, 0),
(207, 'FL207', 9, 1, '2024-01-21 12:30:00', '2024-01-21 13:30:00', 3, 120, 140, 0),
(208, 'FL208', 9, 1, '2024-01-22 17:30:00', '2024-01-22 18:30:00', 3, 130, 150, 0),
(209, 'FL209', 9, 1, '2024-01-23 21:30:00', '2024-01-23 22:30:00', 3, 140, 160, 0),
(210, 'FL210', 9, 1, '2024-01-24 02:30:00', '2024-01-24 03:30:00', 3, 150, 170, 0),
(211, 'FL211', 9, 1, '2024-01-25 07:30:00', '2024-01-25 08:30:00', 3, 160, 180, 0),
(212, 'FL212', 9, 1, '2024-01-26 09:30:00', '2024-01-26 10:30:00', 3, 100, 120, 0),
(213, 'FL213', 9, 1, '2024-01-27 18:30:00', '2024-01-27 19:30:00', 3, 110, 130, 0),
(214, 'FL214', 9, 1, '2024-01-28 23:30:00', '2024-01-29 00:30:00', 3, 120, 140, 0),
(215, 'FL215', 9, 1, '2024-01-29 14:30:00', '2024-01-29 15:30:00', 3, 130, 150, 0),
(216, 'FL216', 9, 1, '2024-01-30 08:30:00', '2024-01-30 09:30:00', 3, 140, 160, 0),
(217, 'FL217', 9, 1, '2024-01-31 12:30:00', '2024-01-31 13:30:00', 3, 150, 170, 0),
(218, 'FL218', 9, 1, '2024-01-31 17:30:00', '2024-01-31 18:30:00', 3, 160, 180, 0),
(219, 'FL219', 1, 10, '2024-01-09 09:30:00', '2024-01-09 10:30:00', 3, 100, 120, 0),
(220, 'FL220', 1, 10, '2024-01-10 18:30:00', '2024-01-10 19:30:00', 3, 110, 130, 0),
(221, 'FL221', 1, 10, '2024-01-11 23:30:00', '2024-01-12 00:30:00', 3, 120, 140, 0),
(222, 'FL222', 1, 10, '2024-01-12 14:30:00', '2024-01-12 15:30:00', 3, 130, 150, 0),
(223, 'FL223', 1, 10, '2024-01-13 08:30:00', '2024-01-13 09:30:00', 3, 140, 160, 0),
(224, 'FL224', 1, 10, '2024-01-14 12:30:00', '2024-01-14 13:30:00', 3, 150, 170, 0),
(225, 'FL225', 1, 10, '2024-01-15 17:30:00', '2024-01-15 18:30:00', 3, 160, 180, 0),
(226, 'FL226', 1, 10, '2024-01-16 21:30:00', '2024-01-16 22:30:00', 3, 170, 190, 0),
(227, 'FL227', 1, 10, '2024-01-17 02:30:00', '2024-01-17 03:30:00', 3, 180, 200, 0),
(228, 'FL228', 1, 10, '2024-01-18 07:30:00', '2024-01-18 08:30:00', 3, 190, 210, 0),
(229, 'FL229', 1, 10, '2024-01-19 09:30:00', '2024-01-19 10:30:00', 3, 100, 120, 0),
(230, 'FL230', 1, 10, '2024-01-20 18:30:00', '2024-01-20 19:30:00', 3, 110, 130, 0),
(231, 'FL231', 1, 10, '2024-01-21 23:30:00', '2024-01-22 00:30:00', 3, 120, 140, 0),
(232, 'FL232', 1, 10, '2024-01-22 14:30:00', '2024-01-22 15:30:00', 3, 130, 150, 0),
(233, 'FL233', 1, 10, '2024-01-23 08:30:00', '2024-01-23 09:30:00', 3, 140, 160, 0),
(234, 'FL234', 1, 10, '2024-01-24 12:30:00', '2024-01-24 13:30:00', 3, 150, 170, 0),
(235, 'FL235', 1, 10, '2024-01-25 17:30:00', '2024-01-25 18:30:00', 3, 160, 180, 0),
(236, 'FL236', 1, 10, '2024-01-26 21:30:00', '2024-01-26 22:30:00', 3, 170, 190, 0),
(237, 'FL237', 1, 10, '2024-01-27 02:30:00', '2024-01-27 03:30:00', 3, 180, 200, 0),
(238, 'FL238', 1, 10, '2024-01-28 07:30:00', '2024-01-28 08:30:00', 3, 190, 210, 0),
(239, 'FL239', 1, 10, '2024-01-29 09:30:00', '2024-01-29 10:30:00', 3, 100, 120, 0),
(240, 'FL240', 1, 10, '2024-01-30 18:30:00', '2024-01-30 19:30:00', 3, 110, 130, 0),
(241, 'FL241', 1, 10, '2024-01-31 23:30:00', '2024-02-01 00:30:00', 3, 120, 140, 0),
(242, 'FL242', 10, 1, '2024-01-09 09:30:00', '2024-01-09 10:30:00', 3, 100, 120, 0),
(243, 'FL243', 10, 1, '2024-01-10 18:30:00', '2024-01-10 19:30:00', 3, 110, 130, 0),
(244, 'FL244', 10, 1, '2024-01-11 23:30:00', '2024-01-12 00:30:00', 3, 120, 140, 0),
(245, 'FL245', 10, 1, '2024-01-12 14:30:00', '2024-01-12 15:30:00', 3, 130, 150, 0),
(246, 'FL246', 10, 1, '2024-01-13 08:30:00', '2024-01-13 09:30:00', 3, 140, 160, 0),
(247, 'FL247', 10, 1, '2024-01-14 12:30:00', '2024-01-14 13:30:00', 3, 150, 170, 0),
(248, 'FL248', 10, 1, '2024-01-15 17:30:00', '2024-01-15 18:30:00', 3, 160, 180, 0),
(249, 'FL249', 10, 1, '2024-01-16 21:30:00', '2024-01-16 22:30:00', 3, 170, 190, 0),
(250, 'FL250', 10, 1, '2024-01-17 02:30:00', '2024-01-17 03:30:00', 3, 180, 200, 0),
(251, 'FL251', 10, 1, '2024-01-18 07:30:00', '2024-01-18 08:30:00', 3, 190, 210, 0),
(252, 'FL252', 10, 1, '2024-01-19 09:30:00', '2024-01-19 10:30:00', 3, 100, 120, 0),
(253, 'FL253', 10, 1, '2024-01-20 18:30:00', '2024-01-20 19:30:00', 3, 110, 130, 0),
(254, 'FL254', 10, 1, '2024-01-21 23:30:00', '2024-01-22 00:30:00', 3, 120, 140, 0),
(255, 'FL255', 10, 1, '2024-01-22 14:30:00', '2024-01-22 15:30:00', 3, 130, 150, 0),
(256, 'FL256', 10, 1, '2024-01-23 08:30:00', '2024-01-23 09:30:00', 3, 140, 160, 0),
(257, 'FL257', 10, 1, '2024-01-24 12:30:00', '2024-01-24 13:30:00', 2, 100, 130, 0),
(258, 'FL258', 10, 1, '2024-01-25 15:30:00', '2024-01-25 16:30:00', 2, 110, 140, 0),
(259, 'FL259', 10, 1, '2024-01-26 19:30:00', '2024-01-26 20:30:00', 2, 120, 150, 0),
(260, 'FL260', 10, 1, '2024-01-27 23:30:00', '2024-01-28 00:30:00', 2, 130, 160, 0),
(261, 'FL261', 10, 1, '2024-01-28 17:30:00', '2024-01-28 18:30:00', 2, 140, 170, 0),
(262, 'FL262', 10, 1, '2024-01-29 11:30:00', '2024-01-29 12:30:00', 2, 150, 180, 0),
(263, 'FL263', 10, 1, '2024-01-30 15:30:00', '2024-01-30 16:30:00', 2, 160, 190, 0),
(264, 'FL264', 10, 1, '2024-01-31 19:30:00', '2024-01-31 20:30:00', 2, 170, 200, 0),
(265, 'FL265', 5, 2, '2024-01-09 09:30:00', '2024-01-09 10:30:00', 1, 110, 130, 0),
(266, 'FL266', 5, 2, '2024-01-10 18:30:00', '2024-01-10 19:30:00', 1, 120, 140, 0),
(267, 'FL267', 5, 2, '2024-01-11 23:30:00', '2024-01-12 00:30:00', 1, 130, 150, 0),
(268, 'FL268', 5, 2, '2024-01-13 14:30:00', '2024-01-13 15:30:00', 1, 140, 160, 0),
(269, 'FL269', 5, 2, '2024-01-14 09:30:00', '2024-01-14 10:30:00', 1, 150, 170, 0),
(270, 'FL270', 5, 2, '2024-01-15 13:30:00', '2024-01-15 14:30:00', 1, 160, 180, 0),
(271, 'FL271', 5, 2, '2024-01-16 18:30:00', '2024-01-16 19:30:00', 1, 170, 190, 0),
(272, 'FL272', 5, 2, '2024-01-17 22:30:00', '2024-01-18 23:30:00', 1, 180, 200, 0),
(273, 'FL273', 5, 2, '2024-01-19 17:30:00', '2024-01-19 18:30:00', 1, 190, 210, 0),
(274, 'FL274', 5, 2, '2024-01-20 11:30:00', '2024-01-20 12:30:00', 1, 200, 220, 0),
(275, 'FL275', 5, 2, '2024-01-21 15:30:00', '2024-01-21 16:30:00', 1, 210, 230, 0),
(276, 'FL276', 5, 2, '2024-01-22 20:30:00', '2024-01-22 21:30:00', 1, 220, 240, 0),
(277, 'FL277', 5, 2, '2024-01-23 14:30:00', '2024-01-23 15:30:00', 1, 230, 250, 0),
(278, 'FL278', 5, 2, '2024-01-24 09:30:00', '2024-01-24 10:30:00', 1, 240, 260, 0),
(279, 'FL279', 5, 2, '2024-01-25 13:30:00', '2024-01-25 14:30:00', 1, 250, 270, 0),
(280, 'FL280', 5, 2, '2024-01-26 18:30:00', '2024-01-26 19:30:00', 1, 260, 280, 0),
(281, 'FL281', 5, 2, '2024-01-27 22:30:00', '2024-01-28 23:30:00', 1, 270, 290, 0),
(282, 'FL282', 5, 2, '2024-01-29 17:30:00', '2024-01-29 18:30:00', 1, 280, 300, 0),
(283, 'FL283', 5, 2, '2024-01-30 11:30:00', '2024-01-30 12:30:00', 1, 290, 310, 0),
(284, 'FL284', 5, 2, '2024-01-31 15:30:00', '2024-01-31 16:30:00', 1, 300, 320, 0),
(285, 'FL285', 2, 5, '2024-01-09 09:30:00', '2024-01-09 10:30:00', 1, 110, 130, 0),
(286, 'FL286', 2, 5, '2024-01-10 18:30:00', '2024-01-10 19:30:00', 1, 120, 140, 0),
(287, 'FL287', 2, 5, '2024-01-11 23:30:00', '2024-01-12 00:30:00', 1, 130, 150, 0),
(288, 'FL288', 2, 5, '2024-01-13 14:30:00', '2024-01-13 15:30:00', 1, 140, 160, 0),
(289, 'FL289', 2, 5, '2024-01-14 09:30:00', '2024-01-14 10:30:00', 1, 150, 170, 0),
(290, 'FL290', 2, 5, '2024-01-15 13:30:00', '2024-01-15 14:30:00', 1, 160, 180, 0),
(291, 'FL291', 2, 5, '2024-01-16 18:30:00', '2024-01-16 19:30:00', 1, 170, 190, 0),
(292, 'FL292', 2, 5, '2024-01-17 22:30:00', '2024-01-18 23:30:00', 1, 180, 200, 0),
(293, 'FL293', 2, 5, '2024-01-19 17:30:00', '2024-01-19 18:30:00', 1, 190, 210, 0),
(294, 'FL294', 2, 5, '2024-01-20 11:30:00', '2024-01-20 12:30:00', 1, 200, 220, 0),
(295, 'FL295', 2, 5, '2024-01-21 15:30:00', '2024-01-21 16:30:00', 1, 210, 230, 0),
(296, 'FL296', 2, 5, '2024-01-22 20:30:00', '2024-01-22 21:30:00', 1, 70, 90, 0),
(297, 'FL297', 2, 5, '2024-01-23 14:30:00', '2024-01-23 15:30:00', 1, 60, 70, 0),
(298, 'FL298', 2, 5, '2024-01-24 09:30:00', '2024-01-24 10:30:00', 1, 40, 60, 0),
(299, 'FL299', 2, 5, '2024-01-25 13:30:00', '2024-01-25 14:30:00', 1, 50, 70, 0),
(300, 'FL300', 2, 5, '2024-01-26 18:30:00', '2024-01-26 19:30:00', 1, 60, 80, 0),
(301, 'FL301', 2, 5, '2024-01-27 22:30:00', '2024-01-28 23:30:00', 1, 70, 90, 0),
(302, 'FL302', 2, 5, '2024-01-29 17:30:00', '2024-01-29 18:30:00', 1, 80, 100, 0),
(303, 'FL303', 2, 5, '2024-01-30 11:30:00', '2024-01-30 12:30:00', 1, 90, 110, 0),
(304, 'FL304', 2, 5, '2024-01-31 15:30:00', '2024-01-31 16:30:00', 1, 150, 120, 0),
(305, 'FL305', 3, 5, '2024-01-09 09:30:00', '2024-01-09 10:30:00', 1, 90, 110, 0),
(306, 'FL306', 3, 5, '2024-01-10 18:30:00', '2024-01-10 19:30:00', 1, 80, 100, 0),
(307, 'FL307', 3, 5, '2024-01-11 23:30:00', '2024-01-12 00:30:00', 1, 75, 95, 0),
(308, 'FL308', 3, 5, '2024-01-13 14:30:00', '2024-01-13 15:30:00', 1, 85, 105, 0),
(309, 'FL309', 3, 5, '2024-01-14 09:30:00', '2024-01-14 10:30:00', 1, 95, 115, 0),
(310, 'FL310', 3, 5, '2024-01-15 13:30:00', '2024-01-15 14:30:00', 1, 75, 95, 0),
(311, 'FL311', 3, 5, '2024-01-16 18:30:00', '2024-01-16 19:30:00', 1, 80, 100, 0),
(312, 'FL312', 3, 5, '2024-01-17 22:30:00', '2024-01-18 23:30:00', 1, 90, 110, 0),
(313, 'FL313', 3, 5, '2024-01-19 17:30:00', '2024-01-19 18:30:00', 1, 85, 105, 0),
(314, 'FL314', 3, 5, '2024-01-20 11:30:00', '2024-01-20 12:30:00', 1, 80, 100, 0),
(315, 'FL315', 3, 5, '2024-01-21 15:30:00', '2024-01-21 16:30:00', 1, 75, 95, 0),
(316, 'FL316', 3, 5, '2024-01-22 20:30:00', '2024-01-22 21:30:00', 1, 85, 105, 0),
(317, 'FL317', 3, 5, '2024-01-23 14:30:00', '2024-01-23 15:30:00', 1, 90, 110, 0),
(318, 'FL318', 3, 5, '2024-01-24 09:30:00', '2024-01-24 10:30:00', 1, 95, 115, 0),
(319, 'FL319', 3, 5, '2024-01-25 13:30:00', '2024-01-25 14:30:00', 1, 75, 95, 0),
(320, 'FL320', 3, 5, '2024-01-26 18:30:00', '2024-01-26 19:30:00', 1, 80, 100, 0),
(321, 'FL321', 3, 5, '2024-01-27 22:30:00', '2024-01-28 23:30:00', 1, 90, 110, 0),
(322, 'FL322', 3, 5, '2024-01-29 17:30:00', '2024-01-29 18:30:00', 1, 85, 105, 0),
(323, 'FL323', 3, 5, '2024-01-30 11:30:00', '2024-01-30 12:30:00', 1, 80, 100, 0),
(324, 'FL324', 3, 5, '2024-01-31 15:30:00', '2024-01-31 16:30:00', 1, 75, 95, 0),
(325, 'FL325', 5, 3, '2024-01-09 09:30:00', '2024-01-09 10:30:00', 1, 90, 110, 0),
(326, 'FL326', 5, 3, '2024-01-10 18:30:00', '2024-01-10 19:30:00', 1, 80, 100, 0),
(327, 'FL327', 5, 3, '2024-01-11 23:30:00', '2024-01-12 00:30:00', 1, 75, 95, 0),
(328, 'FL328', 5, 3, '2024-01-13 14:30:00', '2024-01-13 15:30:00', 1, 85, 105, 0),
(329, 'FL329', 5, 3, '2024-01-14 09:30:00', '2024-01-14 10:30:00', 1, 95, 115, 0),
(330, 'FL330', 5, 3, '2024-01-15 13:30:00', '2024-01-15 14:30:00', 1, 75, 95, 0),
(331, 'FL331', 5, 3, '2024-01-16 18:30:00', '2024-01-16 19:30:00', 1, 80, 100, 0),
(332, 'FL332', 5, 3, '2024-01-17 22:30:00', '2024-01-18 23:30:00', 1, 90, 110, 0),
(333, 'FL333', 5, 3, '2024-01-19 17:30:00', '2024-01-19 18:30:00', 1, 85, 105, 0),
(334, 'FL334', 5, 3, '2024-01-20 11:30:00', '2024-01-20 12:30:00', 1, 80, 100, 0),
(335, 'FL335', 5, 3, '2024-01-21 15:30:00', '2024-01-21 16:30:00', 1, 75, 95, 0),
(336, 'FL336', 5, 3, '2024-01-22 20:30:00', '2024-01-22 21:30:00', 1, 85, 105, 0),
(337, 'FL337', 5, 3, '2024-01-23 14:30:00', '2024-01-23 15:30:00', 1, 90, 110, 0),
(338, 'FL338', 5, 3, '2024-01-24 09:30:00', '2024-01-24 10:30:00', 1, 95, 115, 0),
(339, 'FL339', 5, 3, '2024-01-25 13:30:00', '2024-01-25 14:30:00', 1, 75, 95, 0),
(340, 'FL340', 5, 3, '2024-01-26 18:30:00', '2024-01-26 19:30:00', 1, 80, 100, 0),
(341, 'FL341', 5, 3, '2024-01-27 22:30:00', '2024-01-28 23:30:00', 1, 90, 110, 0),
(342, 'FL342', 5, 3, '2024-01-29 17:30:00', '2024-01-29 18:30:00', 1, 85, 105, 0),
(343, 'FL343', 5, 3, '2024-01-30 11:30:00', '2024-01-30 12:30:00', 1, 80, 100, 0),
(344, 'FL344', 5, 3, '2024-01-31 15:30:00', '2024-01-31 16:30:00', 1, 75, 95, 0),
(345, 'FL345', 4, 5, '2024-01-09 09:30:00', '2024-01-09 10:30:00', 1, 85, 105, 0),
(346, 'FL346', 4, 5, '2024-01-10 18:30:00', '2024-01-10 19:30:00', 1, 75, 95, 0),
(347, 'FL347', 4, 5, '2024-01-11 23:30:00', '2024-01-12 00:30:00', 1, 70, 90, 0),
(348, 'FL348', 4, 5, '2024-01-13 14:30:00', '2024-01-13 15:30:00', 1, 80, 100, 0),
(349, 'FL349', 4, 5, '2024-01-14 09:30:00', '2024-01-14 10:30:00', 1, 90, 110, 0),
(350, 'FL350', 4, 5, '2024-01-15 13:30:00', '2024-01-15 14:30:00', 1, 70, 90, 0),
(351, 'FL351', 4, 5, '2024-01-16 18:30:00', '2024-01-16 19:30:00', 1, 75, 95, 0),
(352, 'FL352', 4, 5, '2024-01-17 22:30:00', '2024-01-18 23:30:00', 1, 85, 105, 0),
(353, 'FL353', 4, 5, '2024-01-19 17:30:00', '2024-01-19 18:30:00', 1, 80, 100, 0),
(354, 'FL354', 4, 5, '2024-01-20 11:30:00', '2024-01-20 12:30:00', 1, 75, 95, 0),
(355, 'FL355', 4, 5, '2024-01-21 15:30:00', '2024-01-21 16:30:00', 1, 70, 90, 0),
(356, 'FL356', 4, 5, '2024-01-22 20:30:00', '2024-01-22 21:30:00', 1, 80, 100, 0),
(357, 'FL357', 4, 5, '2024-01-23 14:30:00', '2024-01-23 15:30:00', 1, 85, 105, 0),
(358, 'FL358', 4, 5, '2024-01-24 09:30:00', '2024-01-24 10:30:00', 1, 90, 110, 0),
(359, 'FL359', 4, 5, '2024-01-25 13:30:00', '2024-01-25 14:30:00', 1, 70, 90, 0),
(360, 'FL360', 4, 5, '2024-01-26 18:30:00', '2024-01-26 19:30:00', 1, 75, 95, 0),
(361, 'FL361', 4, 5, '2024-01-27 22:30:00', '2024-01-28 23:30:00', 1, 85, 105, 0),
(362, 'FL362', 4, 5, '2024-01-29 17:30:00', '2024-01-29 18:30:00', 1, 80, 100, 0),
(363, 'FL363', 4, 5, '2024-01-30 11:30:00', '2024-01-30 12:30:00', 1, 75, 95, 0),
(364, 'FL364', 4, 5, '2024-01-31 15:30:00', '2024-01-31 16:30:00', 1, 70, 90, 0),
(365, 'FL365', 5, 4, '2024-01-09 09:30:00', '2024-01-09 10:30:00', 1, 85, 105, 0),
(366, 'FL366', 5, 4, '2024-01-10 18:30:00', '2024-01-10 19:30:00', 1, 75, 95, 0),
(367, 'FL367', 5, 4, '2024-01-11 23:30:00', '2024-01-12 00:30:00', 1, 70, 90, 0),
(368, 'FL368', 5, 4, '2024-01-13 14:30:00', '2024-01-13 15:30:00', 1, 80, 100, 0),
(369, 'FL369', 5, 4, '2024-01-14 09:30:00', '2024-01-14 10:30:00', 1, 90, 110, 0),
(370, 'FL370', 5, 4, '2024-01-15 13:30:00', '2024-01-15 14:30:00', 1, 70, 90, 0),
(371, 'FL371', 5, 4, '2024-01-16 18:30:00', '2024-01-16 19:30:00', 1, 75, 95, 0),
(372, 'FL372', 5, 4, '2024-01-17 22:30:00', '2024-01-18 23:30:00', 1, 85, 105, 0),
(373, 'FL373', 5, 4, '2024-01-19 17:30:00', '2024-01-19 18:30:00', 1, 80, 100, 0),
(374, 'FL374', 5, 4, '2024-01-20 11:30:00', '2024-01-20 12:30:00', 1, 75, 95, 0),
(375, 'FL375', 5, 4, '2024-01-21 15:30:00', '2024-01-21 16:30:00', 1, 70, 90, 0),
(376, 'FL376', 5, 4, '2024-01-22 20:30:00', '2024-01-22 21:30:00', 1, 80, 100, 0),
(377, 'FL377', 5, 4, '2024-01-23 14:30:00', '2024-01-23 15:30:00', 1, 85, 105, 0),
(378, 'FL378', 5, 4, '2024-01-24 09:30:00', '2024-01-24 10:30:00', 1, 90, 110, 0),
(379, 'FL379', 5, 4, '2024-01-25 13:30:00', '2024-01-25 14:30:00', 1, 70, 90, 0),
(380, 'FL380', 5, 4, '2024-01-26 18:30:00', '2024-01-26 19:30:00', 1, 75, 95, 0),
(381, 'FL381', 5, 4, '2024-01-27 22:30:00', '2024-01-28 23:30:00', 1, 85, 105, 0),
(382, 'FL382', 5, 4, '2024-01-29 17:30:00', '2024-01-29 18:30:00', 1, 80, 100, 0),
(383, 'FL383', 5, 4, '2024-01-30 11:30:00', '2024-01-30 12:30:00', 1, 75, 95, 0),
(384, 'FL384', 5, 4, '2024-01-31 15:30:00', '2024-01-31 16:30:00', 1, 70, 90, 0),
(385, 'FL385', 5, 6, '2024-01-09 09:30:00', '2024-01-09 10:30:00', 1, 95, 115, 0),
(386, 'FL386', 5, 6, '2024-01-10 18:30:00', '2024-01-10 19:30:00', 1, 85, 105, 0),
(387, 'FL387', 5, 6, '2024-01-11 23:30:00', '2024-01-12 00:30:00', 1, 80, 100, 0),
(388, 'FL388', 5, 6, '2024-01-13 14:30:00', '2024-01-13 15:30:00', 1, 90, 110, 0),
(389, 'FL389', 5, 6, '2024-01-14 09:30:00', '2024-01-14 10:30:00', 1, 100, 120, 0),
(390, 'FL390', 5, 6, '2024-01-15 13:30:00', '2024-01-15 14:30:00', 1, 80, 100, 0),
(391, 'FL391', 5, 6, '2024-01-16 18:30:00', '2024-01-16 19:30:00', 1, 85, 105, 0),
(392, 'FL392', 5, 6, '2024-01-17 22:30:00', '2024-01-18 23:30:00', 1, 95, 115, 0),
(393, 'FL393', 5, 6, '2024-01-19 17:30:00', '2024-01-19 18:30:00', 1, 90, 110, 0),
(394, 'FL394', 5, 6, '2024-01-20 11:30:00', '2024-01-20 12:30:00', 1, 85, 105, 0),
(395, 'FL395', 5, 6, '2024-01-21 15:30:00', '2024-01-21 16:30:00', 1, 80, 100, 0),
(396, 'FL396', 5, 6, '2024-01-22 20:30:00', '2024-01-22 21:30:00', 1, 90, 110, 0),
(397, 'FL397', 5, 6, '2024-01-23 14:30:00', '2024-01-23 15:30:00', 1, 95, 115, 0),
(398, 'FL398', 5, 6, '2024-01-24 09:30:00', '2024-01-24 10:30:00', 1, 100, 120, 0),
(399, 'FL399', 5, 6, '2024-01-25 13:30:00', '2024-01-25 14:30:00', 1, 80, 100, 0),
(400, 'FL400', 5, 6, '2024-01-26 18:30:00', '2024-01-26 19:30:00', 1, 85, 105, 0),
(401, 'FL401', 5, 6, '2024-01-27 22:30:00', '2024-01-28 23:30:00', 1, 95, 115, 0),
(402, 'FL402', 5, 6, '2024-01-29 17:30:00', '2024-01-29 18:30:00', 1, 90, 110, 0),
(403, 'FL403', 5, 6, '2024-01-30 11:30:00', '2024-01-30 12:30:00', 1, 85, 105, 0),
(404, 'FL404', 5, 6, '2024-01-31 15:30:00', '2024-01-31 16:30:00', 1, 80, 100, 0),
(405, 'FL405', 6, 5, '2024-01-09 09:30:00', '2024-01-09 10:30:00', 1, 95, 115, 0),
(406, 'FL406', 6, 5, '2024-01-10 18:30:00', '2024-01-10 19:30:00', 1, 85, 105, 0),
(407, 'FL407', 6, 5, '2024-01-11 23:30:00', '2024-01-12 00:30:00', 1, 80, 100, 0),
(408, 'FL408', 6, 5, '2024-01-13 14:30:00', '2024-01-13 15:30:00', 1, 90, 110, 0),
(409, 'FL409', 6, 5, '2024-01-14 09:30:00', '2024-01-14 10:30:00', 1, 100, 120, 0),
(410, 'FL410', 6, 5, '2024-01-15 13:30:00', '2024-01-15 14:30:00', 1, 80, 100, 0),
(411, 'FL411', 6, 5, '2024-01-16 18:30:00', '2024-01-16 19:30:00', 1, 85, 105, 0),
(412, 'FL412', 6, 5, '2024-01-17 22:30:00', '2024-01-18 23:30:00', 1, 95, 115, 0),
(413, 'FL413', 6, 5, '2024-01-19 17:30:00', '2024-01-19 18:30:00', 1, 90, 110, 0),
(414, 'FL414', 6, 5, '2024-01-20 11:30:00', '2024-01-20 12:30:00', 1, 85, 105, 0),
(415, 'FL415', 6, 5, '2024-01-21 15:30:00', '2024-01-21 16:30:00', 1, 80, 100, 0),
(416, 'FL416', 6, 5, '2024-01-22 20:30:00', '2024-01-22 21:30:00', 1, 90, 110, 0),
(417, 'FL417', 6, 5, '2024-01-23 14:30:00', '2024-01-23 15:30:00', 1, 95, 115, 0),
(418, 'FL418', 6, 5, '2024-01-24 09:30:00', '2024-01-24 10:30:00', 1, 100, 120, 0),
(419, 'FL419', 6, 5, '2024-01-25 13:30:00', '2024-01-25 14:30:00', 1, 80, 100, 0),
(420, 'FL420', 6, 5, '2024-01-26 18:30:00', '2024-01-26 19:30:00', 1, 85, 105, 0),
(421, 'FL421', 6, 5, '2024-01-27 22:30:00', '2024-01-28 23:30:00', 1, 95, 115, 0),
(422, 'FL422', 6, 5, '2024-01-29 17:30:00', '2024-01-29 18:30:00', 1, 90, 110, 0),
(423, 'FL423', 6, 5, '2024-01-30 11:30:00', '2024-01-30 12:30:00', 1, 85, 105, 0),
(424, 'FL424', 6, 5, '2024-01-31 15:30:00', '2024-01-31 16:30:00', 1, 80, 100, 0),
(425, 'FL425', 5, 7, '2024-01-09 09:30:00', '2024-01-09 10:30:00', 1, 90, 110, 0),
(426, 'FL426', 5, 7, '2024-01-10 18:30:00', '2024-01-10 19:30:00', 1, 85, 105, 0),
(427, 'FL427', 5, 7, '2024-01-11 23:30:00', '2024-01-12 00:30:00', 1, 80, 100, 0),
(428, 'FL428', 5, 7, '2024-01-13 14:30:00', '2024-01-13 15:30:00', 1, 95, 115, 0),
(429, 'FL429', 5, 7, '2024-01-14 09:30:00', '2024-01-14 10:30:00', 1, 100, 120, 0),
(430, 'FL430', 5, 7, '2024-01-15 13:30:00', '2024-01-15 14:30:00', 1, 85, 105, 0),
(431, 'FL431', 5, 7, '2024-01-16 18:30:00', '2024-01-16 19:30:00', 1, 90, 110, 0),
(432, 'FL432', 5, 7, '2024-01-17 22:30:00', '2024-01-18 23:30:00', 1, 95, 115, 0),
(433, 'FL433', 5, 7, '2024-01-19 17:30:00', '2024-01-19 18:30:00', 1, 80, 100, 0),
(434, 'FL434', 5, 7, '2024-01-20 11:30:00', '2024-01-20 12:30:00', 1, 85, 105, 0),
(435, 'FL435', 5, 7, '2024-01-21 15:30:00', '2024-01-21 16:30:00', 1, 90, 110, 0),
(436, 'FL436', 5, 7, '2024-01-22 20:30:00', '2024-01-22 21:30:00', 1, 95, 115, 0),
(437, 'FL437', 5, 7, '2024-01-23 14:30:00', '2024-01-23 15:30:00', 1, 80, 100, 0),
(438, 'FL438', 5, 7, '2024-01-24 09:30:00', '2024-01-24 10:30:00', 1, 100, 120, 0),
(439, 'FL439', 5, 7, '2024-01-25 13:30:00', '2024-01-25 14:30:00', 1, 85, 105, 0),
(440, 'FL440', 5, 7, '2024-01-26 18:30:00', '2024-01-26 19:30:00', 1, 90, 110, 0),
(441, 'FL441', 5, 7, '2024-01-27 22:30:00', '2024-01-28 23:30:00', 1, 95, 115, 0),
(442, 'FL442', 5, 7, '2024-01-29 17:30:00', '2024-01-29 18:30:00', 1, 80, 100, 0),
(443, 'FL443', 5, 7, '2024-01-30 11:30:00', '2024-01-30 12:30:00', 1, 85, 105, 0),
(444, 'FL444', 5, 7, '2024-01-31 15:30:00', '2024-01-31 16:30:00', 1, 90, 110, 0),
(445, 'FL445', 7, 5, '2024-01-09 09:30:00', '2024-01-09 10:30:00', 1, 90, 110, 0),
(446, 'FL446', 7, 5, '2024-01-10 18:30:00', '2024-01-10 19:30:00', 1, 85, 105, 0),
(447, 'FL447', 7, 5, '2024-01-11 23:30:00', '2024-01-12 00:30:00', 1, 80, 100, 0),
(448, 'FL448', 7, 5, '2024-01-13 14:30:00', '2024-01-13 15:30:00', 1, 95, 115, 0),
(449, 'FL449', 7, 5, '2024-01-14 09:30:00', '2024-01-14 10:30:00', 1, 100, 120, 0),
(450, 'FL450', 7, 5, '2024-01-15 13:30:00', '2024-01-15 14:30:00', 1, 85, 105, 0),
(451, 'FL451', 7, 5, '2024-01-16 18:30:00', '2024-01-16 19:30:00', 1, 90, 110, 0),
(452, 'FL452', 7, 5, '2024-01-17 22:30:00', '2024-01-18 23:30:00', 1, 95, 115, 0),
(453, 'FL453', 7, 5, '2024-01-19 17:30:00', '2024-01-19 18:30:00', 1, 80, 100, 0),
(454, 'FL454', 7, 5, '2024-01-20 11:30:00', '2024-01-20 12:30:00', 1, 85, 105, 0),
(455, 'FL455', 7, 5, '2024-01-21 15:30:00', '2024-01-21 16:30:00', 1, 90, 110, 0),
(456, 'FL456', 7, 5, '2024-01-22 20:30:00', '2024-01-22 21:30:00', 1, 95, 115, 0),
(457, 'FL457', 7, 5, '2024-01-23 14:30:00', '2024-01-23 15:30:00', 1, 80, 100, 0),
(458, 'FL458', 7, 5, '2024-01-24 09:30:00', '2024-01-24 10:30:00', 1, 100, 120, 0),
(459, 'FL459', 7, 5, '2024-01-25 13:30:00', '2024-01-25 14:30:00', 1, 85, 105, 0),
(460, 'FL460', 7, 5, '2024-01-26 18:30:00', '2024-01-26 19:30:00', 1, 90, 110, 0),
(461, 'FL461', 7, 5, '2024-01-27 22:30:00', '2024-01-28 23:30:00', 1, 95, 115, 0),
(462, 'FL462', 7, 5, '2024-01-29 17:30:00', '2024-01-29 18:30:00', 1, 80, 100, 0),
(463, 'FL463', 7, 5, '2024-01-30 11:30:00', '2024-01-30 12:30:00', 1, 85, 105, 0),
(464, 'FL464', 7, 5, '2024-01-31 15:30:00', '2024-01-31 16:30:00', 1, 90, 110, 0),
(465, 'FL465', 5, 8, '2024-01-09 10:30:00', '2024-01-09 11:30:00', 1, 85, 105, 0),
(466, 'FL466', 5, 8, '2024-01-10 19:30:00', '2024-01-10 20:30:00', 1, 80, 100, 0),
(467, 'FL467', 5, 8, '2024-01-11 00:30:00', '2024-01-11 01:30:00', 1, 95, 115, 0),
(468, 'FL468', 5, 8, '2024-01-12 15:30:00', '2024-01-12 16:30:00', 1, 90, 110, 0),
(469, 'FL469', 5, 8, '2024-01-13 10:30:00', '2024-01-13 11:30:00', 1, 100, 120, 0),
(470, 'FL470', 5, 8, '2024-01-14 14:30:00', '2024-01-14 15:30:00', 1, 85, 105, 0),
(471, 'FL471', 5, 8, '2024-01-15 19:30:00', '2024-01-15 20:30:00', 1, 90, 110, 0),
(472, 'FL472', 5, 8, '2024-01-16 23:30:00', '2024-01-17 00:30:00', 1, 95, 115, 0),
(473, 'FL473', 5, 8, '2024-01-18 18:30:00', '2024-01-18 19:30:00', 1, 80, 100, 0),
(474, 'FL474', 5, 8, '2024-01-19 12:30:00', '2024-01-19 13:30:00', 1, 85, 105, 0),
(475, 'FL475', 5, 8, '2024-01-20 16:30:00', '2024-01-20 17:30:00', 1, 90, 110, 0),
(476, 'FL476', 5, 8, '2024-01-21 21:30:00', '2024-01-21 22:30:00', 1, 95, 115, 0),
(477, 'FL477', 5, 8, '2024-01-22 15:30:00', '2024-01-22 16:30:00', 1, 80, 100, 0),
(478, 'FL478', 5, 8, '2024-01-23 10:30:00', '2024-01-23 11:30:00', 1, 100, 120, 0),
(479, 'FL479', 5, 8, '2024-01-24 14:30:00', '2024-01-24 15:30:00', 1, 85, 105, 0),
(480, 'FL480', 5, 8, '2024-01-25 19:30:00', '2024-01-25 20:30:00', 1, 90, 110, 0),
(481, 'FL481', 5, 8, '2024-01-26 23:30:00', '2024-01-27 00:30:00', 1, 95, 115, 0),
(482, 'FL482', 5, 8, '2024-01-28 18:30:00', '2024-01-28 19:30:00', 1, 80, 100, 0),
(483, 'FL483', 5, 8, '2024-01-29 12:30:00', '2024-01-29 13:30:00', 1, 85, 105, 0),
(484, 'FL484', 5, 8, '2024-01-30 16:30:00', '2024-01-30 17:30:00', 1, 90, 110, 0),
(485, 'FL485', 5, 8, '2024-01-31 21:30:00', '2024-01-31 22:30:00', 1, 95, 115, 0),
(486, 'FL486', 8, 5, '2024-01-09 10:30:00', '2024-01-09 11:30:00', 1, 85, 105, 0),
(487, 'FL487', 8, 5, '2024-01-10 19:30:00', '2024-01-10 20:30:00', 1, 80, 100, 0),
(488, 'FL488', 8, 5, '2024-01-11 00:30:00', '2024-01-11 01:30:00', 1, 95, 115, 0),
(489, 'FL489', 8, 5, '2024-01-12 15:30:00', '2024-01-12 16:30:00', 1, 90, 110, 0),
(490, 'FL490', 8, 5, '2024-01-13 10:30:00', '2024-01-13 11:30:00', 1, 100, 120, 0),
(491, 'FL491', 8, 5, '2024-01-14 14:30:00', '2024-01-14 15:30:00', 1, 85, 105, 0),
(492, 'FL492', 8, 5, '2024-01-15 19:30:00', '2024-01-15 20:30:00', 1, 90, 110, 0),
(493, 'FL493', 8, 5, '2024-01-16 23:30:00', '2024-01-17 00:30:00', 1, 95, 115, 0),
(494, 'FL494', 8, 5, '2024-01-18 18:30:00', '2024-01-18 19:30:00', 1, 80, 100, 0),
(495, 'FL495', 8, 5, '2024-01-19 12:30:00', '2024-01-19 13:30:00', 1, 85, 105, 0),
(496, 'FL496', 8, 5, '2024-01-20 16:30:00', '2024-01-20 17:30:00', 1, 90, 110, 0),
(497, 'FL497', 8, 5, '2024-01-21 21:30:00', '2024-01-21 22:30:00', 1, 95, 115, 0),
(498, 'FL498', 8, 5, '2024-01-22 15:30:00', '2024-01-22 16:30:00', 1, 80, 100, 0),
(499, 'FL499', 8, 5, '2024-01-23 10:30:00', '2024-01-23 11:30:00', 1, 100, 120, 0),
(500, 'FL500', 8, 5, '2024-01-24 14:30:00', '2024-01-24 15:30:00', 1, 85, 105, 0),
(501, 'FL501', 8, 5, '2024-01-25 19:30:00', '2024-01-25 20:30:00', 1, 90, 110, 0),
(502, 'FL502', 8, 5, '2024-01-26 23:30:00', '2024-01-27 00:30:00', 1, 95, 115, 0),
(503, 'FL503', 8, 5, '2024-01-28 18:30:00', '2024-01-28 19:30:00', 1, 80, 100, 0),
(504, 'FL504', 8, 5, '2024-01-29 12:30:00', '2024-01-29 13:30:00', 1, 85, 105, 0),
(505, 'FL505', 8, 5, '2024-01-30 16:30:00', '2024-01-30 17:30:00', 1, 90, 110, 0),
(506, 'FL506', 8, 5, '2024-01-31 21:30:00', '2024-01-31 22:30:00', 1, 95, 115, 0),
(507, 'FL507', 5, 9, '2024-01-09 11:30:00', '2024-01-09 12:30:00', 1, 88, 108, 0),
(508, 'FL508', 5, 9, '2024-01-10 20:30:00', '2024-01-10 21:30:00', 1, 83, 103, 0),
(509, 'FL509', 5, 9, '2024-01-11 01:30:00', '2024-01-11 02:30:00', 1, 98, 118, 0),
(510, 'FL510', 5, 9, '2024-01-12 16:30:00', '2024-01-12 17:30:00', 1, 93, 113, 0),
(511, 'FL511', 5, 9, '2024-01-13 11:30:00', '2024-01-13 12:30:00', 1, 103, 123, 0),
(512, 'FL512', 5, 9, '2024-01-14 15:30:00', '2024-01-14 16:30:00', 1, 88, 108, 0),
(513, 'FL513', 5, 9, '2024-01-15 20:30:00', '2024-01-15 21:30:00', 1, 93, 113, 0),
(514, 'FL514', 5, 9, '2024-01-16 00:30:00', '2024-01-16 01:30:00', 1, 98, 118, 0),
(515, 'FL515', 5, 9, '2024-01-17 19:30:00', '2024-01-17 20:30:00', 1, 83, 103, 0),
(516, 'FL516', 5, 9, '2024-01-18 13:30:00', '2024-01-18 14:30:00', 1, 88, 108, 0),
(517, 'FL517', 5, 9, '2024-01-19 17:30:00', '2024-01-19 18:30:00', 1, 93, 113, 0),
(518, 'FL518', 5, 9, '2024-01-20 22:30:00', '2024-01-20 23:30:00', 1, 98, 118, 0),
(519, 'FL519', 5, 9, '2024-01-21 16:30:00', '2024-01-21 17:30:00', 1, 83, 103, 0),
(520, 'FL520', 5, 9, '2024-01-22 11:30:00', '2024-01-22 12:30:00', 1, 103, 123, 0),
(521, 'FL521', 5, 9, '2024-01-23 15:30:00', '2024-01-23 16:30:00', 1, 88, 108, 0),
(522, 'FL522', 5, 9, '2024-01-24 20:30:00', '2024-01-24 21:30:00', 1, 93, 113, 0),
(523, 'FL523', 5, 9, '2024-01-25 00:30:00', '2024-01-25 01:30:00', 1, 98, 118, 0),
(524, 'FL524', 5, 9, '2024-01-26 19:30:00', '2024-01-26 20:30:00', 1, 83, 103, 0),
(525, 'FL525', 5, 9, '2024-01-27 13:30:00', '2024-01-27 14:30:00', 1, 88, 108, 0),
(526, 'FL526', 5, 9, '2024-01-28 17:30:00', '2024-01-28 18:30:00', 1, 93, 113, 0),
(527, 'FL527', 5, 9, '2024-01-29 22:30:00', '2024-01-29 23:30:00', 1, 98, 118, 0),
(528, 'FL528', 5, 9, '2024-01-30 16:30:00', '2024-01-30 17:30:00', 1, 83, 103, 0),
(529, 'FL529', 5, 9, '2024-01-31 11:30:00', '2024-01-31 12:30:00', 1, 103, 123, 0),
(530, 'FL530', 9, 5, '2024-01-09 11:30:00', '2024-01-09 12:30:00', 1, 88, 108, 0),
(531, 'FL531', 9, 5, '2024-01-10 20:30:00', '2024-01-10 21:30:00', 1, 83, 103, 0),
(532, 'FL532', 9, 5, '2024-01-11 01:30:00', '2024-01-11 02:30:00', 1, 98, 118, 0),
(533, 'FL533', 9, 5, '2024-01-12 16:30:00', '2024-01-12 17:30:00', 1, 93, 113, 0),
(534, 'FL534', 9, 5, '2024-01-13 11:30:00', '2024-01-13 12:30:00', 1, 103, 123, 0),
(535, 'FL535', 9, 5, '2024-01-14 15:30:00', '2024-01-14 16:30:00', 1, 88, 108, 0),
(536, 'FL536', 9, 5, '2024-01-15 20:30:00', '2024-01-15 21:30:00', 1, 93, 113, 0),
(537, 'FL537', 9, 5, '2024-01-16 00:30:00', '2024-01-16 01:30:00', 1, 98, 118, 0),
(538, 'FL538', 9, 5, '2024-01-17 19:30:00', '2024-01-17 20:30:00', 1, 83, 103, 0),
(539, 'FL539', 9, 5, '2024-01-18 13:30:00', '2024-01-18 14:30:00', 1, 88, 108, 0),
(540, 'FL540', 9, 5, '2024-01-19 17:30:00', '2024-01-19 18:30:00', 1, 93, 113, 0),
(541, 'FL541', 9, 5, '2024-01-20 22:30:00', '2024-01-20 23:30:00', 1, 98, 118, 0),
(542, 'FL542', 9, 5, '2024-01-21 16:30:00', '2024-01-21 17:30:00', 1, 83, 103, 0),
(543, 'FL543', 9, 5, '2024-01-22 11:30:00', '2024-01-22 12:30:00', 1, 103, 123, 0),
(544, 'FL544', 9, 5, '2024-01-23 15:30:00', '2024-01-23 16:30:00', 1, 88, 108, 0),
(545, 'FL545', 9, 5, '2024-01-24 20:30:00', '2024-01-24 21:30:00', 1, 93, 113, 0),
(546, 'FL546', 9, 5, '2024-01-25 00:30:00', '2024-01-25 01:30:00', 1, 98, 118, 0),
(547, 'FL547', 9, 5, '2024-01-26 19:30:00', '2024-01-26 20:30:00', 1, 83, 103, 0),
(548, 'FL548', 9, 5, '2024-01-27 13:30:00', '2024-01-27 14:30:00', 1, 88, 108, 0),
(549, 'FL549', 9, 5, '2024-01-28 17:30:00', '2024-01-28 18:30:00', 1, 93, 113, 0),
(550, 'FL550', 9, 5, '2024-01-29 22:30:00', '2024-01-29 23:30:00', 1, 98, 118, 0),
(551, 'FL551', 9, 5, '2024-01-30 16:30:00', '2024-01-30 17:30:00', 1, 83, 103, 0),
(552, 'FL552', 9, 5, '2024-01-31 11:30:00', '2024-01-31 12:30:00', 1, 103, 123, 0),
(553, 'FL553', 5, 10, '2024-01-09 09:30:00', '2024-01-09 10:30:00', 1, 92, 112, 0),
(554, 'FL554', 5, 10, '2024-01-10 18:30:00', '2024-01-10 19:30:00', 1, 87, 107, 0),
(555, 'FL555', 5, 10, '2024-01-11 23:30:00', '2024-01-12 00:30:00', 1, 97, 117, 0),
(556, 'FL556', 5, 10, '2024-01-12 14:30:00', '2024-01-12 15:30:00', 1, 92, 112, 0),
(557, 'FL557', 5, 10, '2024-01-13 09:30:00', '2024-01-13 10:30:00', 1, 102, 122, 0),
(558, 'FL558', 5, 10, '2024-01-14 13:30:00', '2024-01-14 14:30:00', 1, 87, 107, 0),
(559, 'FL559', 5, 10, '2024-01-15 18:30:00', '2024-01-15 19:30:00', 1, 92, 112, 0),
(560, 'FL560', 5, 10, '2024-01-16 22:30:00', '2024-01-16 23:30:00', 1, 97, 117, 0),
(561, 'FL561', 5, 10, '2024-01-17 16:30:00', '2024-01-17 17:30:00', 1, 82, 102, 0),
(562, 'FL562', 5, 10, '2024-01-18 11:30:00', '2024-01-18 12:30:00', 1, 92, 112, 0),
(563, 'FL563', 5, 10, '2024-01-19 15:30:00', '2024-01-19 16:30:00', 1, 97, 117, 0),
(564, 'FL564', 5, 10, '2024-01-20 20:30:00', '2024-01-20 21:30:00', 1, 82, 102, 0),
(565, 'FL565', 5, 10, '2024-01-21 14:30:00', '2024-01-21 15:30:00', 1, 87, 107, 0),
(566, 'FL566', 5, 10, '2024-01-22 09:30:00', '2024-01-22 10:30:00', 1, 102, 122, 0),
(567, 'FL567', 5, 10, '2024-01-23 13:30:00', '2024-01-23 14:30:00', 1, 92, 112, 0),
(568, 'FL568', 5, 10, '2024-01-24 18:30:00', '2024-01-24 19:30:00', 1, 97, 117, 0),
(569, 'FL569', 5, 10, '2024-01-25 23:30:00', '2024-01-26 00:30:00', 1, 82, 102, 0),
(570, 'FL570', 5, 10, '2024-01-26 17:30:00', '2024-01-26 18:30:00', 1, 87, 107, 0),
(571, 'FL571', 5, 10, '2024-01-27 12:30:00', '2024-01-27 13:30:00', 1, 102, 122, 0),
(572, 'FL572', 5, 10, '2024-01-28 16:30:00', '2024-01-28 17:30:00', 1, 92, 112, 0),
(573, 'FL573', 5, 10, '2024-01-29 21:30:00', '2024-01-29 22:30:00', 1, 97, 117, 0),
(574, 'FL574', 5, 10, '2024-01-30 15:30:00', '2024-01-30 16:30:00', 1, 82, 102, 0),
(575, 'FL575', 5, 10, '2024-01-31 10:30:00', '2024-01-31 11:30:00', 1, 102, 122, 0),
(576, 'FL576', 10, 5, '2024-01-09 09:30:00', '2024-01-09 10:30:00', 1, 92, 112, 0),
(577, 'FL577', 10, 5, '2024-01-10 18:30:00', '2024-01-10 19:30:00', 1, 87, 107, 0),
(578, 'FL578', 10, 5, '2024-01-11 23:30:00', '2024-01-12 00:30:00', 1, 97, 117, 0),
(579, 'FL579', 10, 5, '2024-01-12 14:30:00', '2024-01-12 15:30:00', 1, 92, 112, 0),
(580, 'FL580', 10, 5, '2024-01-13 09:30:00', '2024-01-13 10:30:00', 1, 102, 122, 0),
(581, 'FL581', 10, 5, '2024-01-14 13:30:00', '2024-01-14 14:30:00', 1, 87, 107, 0),
(582, 'FL582', 10, 5, '2024-01-15 18:30:00', '2024-01-15 19:30:00', 1, 92, 112, 0),
(583, 'FL583', 10, 5, '2024-01-16 22:30:00', '2024-01-16 23:30:00', 1, 97, 117, 0),
(584, 'FL584', 10, 5, '2024-01-17 16:30:00', '2024-01-17 17:30:00', 1, 82, 102, 0),
(585, 'FL585', 10, 5, '2024-01-18 11:30:00', '2024-01-18 12:30:00', 1, 92, 112, 0),
(586, 'FL586', 10, 5, '2024-01-19 15:30:00', '2024-01-19 16:30:00', 1, 97, 117, 0),
(587, 'FL587', 10, 5, '2024-01-20 20:30:00', '2024-01-20 21:30:00', 1, 82, 102, 0),
(588, 'FL588', 10, 5, '2024-01-21 14:30:00', '2024-01-21 15:30:00', 1, 87, 107, 0),
(589, 'FL589', 10, 5, '2024-01-22 09:30:00', '2024-01-22 10:30:00', 1, 102, 122, 0),
(590, 'FL590', 10, 5, '2024-01-23 13:30:00', '2024-01-23 14:30:00', 1, 92, 112, 0),
(591, 'FL591', 10, 5, '2024-01-24 18:30:00', '2024-01-24 19:30:00', 1, 97, 117, 0),
(592, 'FL592', 10, 5, '2024-01-25 23:30:00', '2024-01-26 00:30:00', 1, 82, 102, 0),
(593, 'FL593', 10, 5, '2024-01-26 17:30:00', '2024-01-26 18:30:00', 1, 87, 107, 0),
(594, 'FL594', 10, 5, '2024-01-27 12:30:00', '2024-01-27 13:30:00', 1, 102, 122, 0),
(595, 'FL595', 10, 5, '2024-01-28 16:30:00', '2024-01-28 17:30:00', 1, 92, 112, 0),
(596, 'FL596', 10, 5, '2024-01-29 21:30:00', '2024-01-29 22:30:00', 1, 97, 117, 0),
(597, 'FL597', 10, 5, '2024-01-30 15:30:00', '2024-01-30 16:30:00', 1, 82, 102, 0),
(598, 'FL598', 10, 5, '2024-01-31 10:30:00', '2024-01-31 11:30:00', 1, 102, 122, 0),
(599, 'FL599', 2, 7, '2024-01-09 09:45:00', '2024-01-09 10:45:00', 1, 85, 105, 0),
(600, 'FL600', 2, 7, '2024-01-10 18:45:00', '2024-01-10 19:45:00', 1, 90, 110, 0),
(601, 'FL601', 2, 7, '2024-01-11 23:45:00', '2024-01-12 00:45:00', 1, 95, 115, 0),
(602, 'FL602', 2, 7, '2024-01-12 14:45:00', '2024-01-12 15:45:00', 1, 80, 100, 0),
(603, 'FL603', 2, 7, '2024-01-13 09:45:00', '2024-01-13 10:45:00', 1, 85, 105, 0),
(604, 'FL604', 2, 7, '2024-01-14 13:45:00', '2024-01-14 14:45:00', 1, 90, 110, 0),
(605, 'FL605', 2, 7, '2024-01-15 18:45:00', '2024-01-15 19:45:00', 1, 95, 115, 0),
(606, 'FL606', 2, 7, '2024-01-16 22:45:00', '2024-01-16 23:45:00', 1, 80, 100, 0),
(607, 'FL607', 2, 7, '2024-01-17 16:45:00', '2024-01-17 17:45:00', 1, 85, 105, 0),
(608, 'FL608', 2, 7, '2024-01-18 11:45:00', '2024-01-18 12:45:00', 1, 90, 110, 0),
(609, 'FL609', 2, 7, '2024-01-19 15:45:00', '2024-01-19 16:45:00', 1, 95, 115, 0),
(610, 'FL610', 2, 7, '2024-01-20 20:45:00', '2024-01-20 21:45:00', 1, 80, 100, 0),
(611, 'FL611', 2, 7, '2024-01-21 14:45:00', '2024-01-21 15:45:00', 1, 85, 105, 0),
(612, 'FL612', 2, 7, '2024-01-22 09:45:00', '2024-01-22 10:45:00', 1, 90, 110, 0),
(613, 'FL613', 2, 7, '2024-01-23 13:45:00', '2024-01-23 14:45:00', 1, 95, 115, 0),
(614, 'FL614', 2, 7, '2024-01-24 18:45:00', '2024-01-24 19:45:00', 1, 80, 100, 0),
(615, 'FL615', 2, 7, '2024-01-25 23:45:00', '2024-01-26 00:45:00', 1, 85, 105, 0);
INSERT INTO `fluturimet` (`fluturimi_id`, `numri_fluturimit`, `aeroporti_nisjes_id`, `aeroporti_destinacionit_id`, `ora_e_nisjes`, `ora_e_mberritjes`, `avioni_id`, `cmime_ekonomik`, `cmime_first`, `vende_te_lira`) VALUES
(616, 'FL616', 2, 7, '2024-01-26 17:45:00', '2024-01-26 18:45:00', 1, 90, 110, 0),
(617, 'FL617', 2, 7, '2024-01-27 12:45:00', '2024-01-27 13:45:00', 1, 95, 115, 0),
(618, 'FL618', 2, 7, '2024-01-28 16:45:00', '2024-01-28 17:45:00', 1, 80, 100, 0),
(619, 'FL619', 2, 7, '2024-01-29 21:45:00', '2024-01-29 22:45:00', 1, 85, 105, 0),
(620, 'FL620', 2, 7, '2024-01-30 15:45:00', '2024-01-30 16:45:00', 1, 90, 110, 0),
(621, 'FL621', 2, 7, '2024-01-31 10:45:00', '2024-01-31 11:45:00', 1, 95, 115, 0),
(622, 'FL622', 7, 2, '2024-01-09 09:45:00', '2024-01-09 10:45:00', 1, 85, 105, 0),
(623, 'FL623', 7, 2, '2024-01-10 18:45:00', '2024-01-10 19:45:00', 1, 90, 110, 0),
(624, 'FL624', 7, 2, '2024-01-11 23:45:00', '2024-01-12 00:45:00', 1, 95, 115, 0),
(625, 'FL625', 7, 2, '2024-01-12 14:45:00', '2024-01-12 15:45:00', 1, 80, 100, 0),
(626, 'FL626', 7, 2, '2024-01-13 09:45:00', '2024-01-13 10:45:00', 1, 85, 105, 0),
(627, 'FL627', 7, 2, '2024-01-14 13:45:00', '2024-01-14 14:45:00', 1, 90, 110, 0),
(628, 'FL628', 7, 2, '2024-01-15 18:45:00', '2024-01-15 19:45:00', 1, 95, 115, 0),
(629, 'FL629', 7, 2, '2024-01-16 22:45:00', '2024-01-16 23:45:00', 1, 80, 100, 0),
(630, 'FL630', 7, 2, '2024-01-17 16:45:00', '2024-01-17 17:45:00', 1, 85, 105, 0),
(631, 'FL631', 7, 2, '2024-01-18 11:45:00', '2024-01-18 12:45:00', 1, 90, 110, 0),
(632, 'FL632', 7, 2, '2024-01-19 15:45:00', '2024-01-19 16:45:00', 1, 95, 115, 0),
(633, 'FL633', 7, 2, '2024-01-20 20:45:00', '2024-01-20 21:45:00', 1, 80, 100, 0),
(634, 'FL634', 7, 2, '2024-01-21 14:45:00', '2024-01-21 15:45:00', 1, 85, 105, 0),
(635, 'FL635', 7, 2, '2024-01-22 09:45:00', '2024-01-22 10:45:00', 1, 90, 110, 0),
(636, 'FL636', 7, 2, '2024-01-23 13:45:00', '2024-01-23 14:45:00', 1, 95, 115, 0),
(637, 'FL637', 7, 2, '2024-01-24 18:45:00', '2024-01-24 19:45:00', 1, 80, 100, 0),
(638, 'FL638', 7, 2, '2024-01-25 23:45:00', '2024-01-26 00:45:00', 1, 85, 105, 0),
(639, 'FL639', 7, 2, '2024-01-26 17:45:00', '2024-01-26 18:45:00', 1, 90, 110, 0),
(640, 'FL640', 7, 2, '2024-01-27 12:45:00', '2024-01-27 13:45:00', 1, 95, 115, 0),
(641, 'FL641', 7, 2, '2024-01-28 16:45:00', '2024-01-28 17:45:00', 1, 80, 100, 0),
(642, 'FL642', 7, 2, '2024-01-29 21:45:00', '2024-01-29 22:45:00', 1, 85, 105, 0),
(643, 'FL643', 7, 2, '2024-01-30 15:45:00', '2024-01-30 16:45:00', 1, 90, 110, 0),
(644, 'FL644', 7, 2, '2024-01-31 10:45:00', '2024-01-31 11:45:00', 1, 95, 115, 0),
(645, 'FL645', 3, 7, '2024-01-09 09:45:00', '2024-01-09 10:45:00', 1, 85, 105, 0),
(646, 'FL646', 3, 7, '2024-01-10 18:45:00', '2024-01-10 19:45:00', 1, 90, 110, 0),
(647, 'FL647', 3, 7, '2024-01-11 23:45:00', '2024-01-12 00:45:00', 1, 95, 115, 0),
(648, 'FL648', 3, 7, '2024-01-12 14:45:00', '2024-01-12 15:45:00', 1, 80, 100, 0),
(649, 'FL649', 3, 7, '2024-01-13 09:45:00', '2024-01-13 10:45:00', 1, 85, 105, 0),
(650, 'FL650', 3, 7, '2024-01-14 13:45:00', '2024-01-14 14:45:00', 1, 90, 110, 0),
(651, 'FL651', 3, 7, '2024-01-15 18:45:00', '2024-01-15 19:45:00', 1, 95, 115, 0),
(652, 'FL652', 3, 7, '2024-01-16 22:45:00', '2024-01-16 23:45:00', 1, 80, 100, 0),
(653, 'FL653', 3, 7, '2024-01-17 16:45:00', '2024-01-17 17:45:00', 1, 85, 105, 0),
(654, 'FL654', 3, 7, '2024-01-18 11:45:00', '2024-01-18 12:45:00', 1, 90, 110, 0),
(655, 'FL655', 3, 7, '2024-01-19 15:45:00', '2024-01-19 16:45:00', 1, 95, 115, 0),
(656, 'FL656', 3, 7, '2024-01-20 20:45:00', '2024-01-20 21:45:00', 1, 80, 100, 0),
(657, 'FL657', 3, 7, '2024-01-21 14:45:00', '2024-01-21 15:45:00', 1, 85, 105, 0),
(658, 'FL658', 3, 7, '2024-01-22 09:45:00', '2024-01-22 10:45:00', 1, 90, 110, 0),
(659, 'FL659', 3, 7, '2024-01-23 13:45:00', '2024-01-23 14:45:00', 1, 95, 115, 0),
(660, 'FL660', 3, 7, '2024-01-24 18:45:00', '2024-01-24 19:45:00', 1, 80, 100, 0),
(661, 'FL661', 3, 7, '2024-01-25 23:45:00', '2024-01-26 00:45:00', 1, 85, 105, 0),
(662, 'FL662', 3, 7, '2024-01-26 17:45:00', '2024-01-26 18:45:00', 1, 90, 110, 0),
(663, 'FL663', 3, 7, '2024-01-27 12:45:00', '2024-01-27 13:45:00', 1, 95, 115, 0),
(664, 'FL664', 3, 7, '2024-01-28 16:45:00', '2024-01-28 17:45:00', 1, 80, 100, 0),
(665, 'FL665', 3, 7, '2024-01-29 21:45:00', '2024-01-29 22:45:00', 1, 85, 105, 0),
(666, 'FL666', 3, 7, '2024-01-30 15:45:00', '2024-01-30 16:45:00', 1, 90, 110, 0),
(667, 'FL667', 3, 7, '2024-01-31 10:45:00', '2024-01-31 11:45:00', 1, 95, 115, 0),
(668, 'FL668', 7, 3, '2024-01-09 09:45:00', '2024-01-09 10:45:00', 1, 85, 105, 0),
(669, 'FL669', 7, 3, '2024-01-10 18:45:00', '2024-01-10 19:45:00', 1, 90, 110, 0),
(670, 'FL670', 7, 3, '2024-01-11 23:45:00', '2024-01-12 00:45:00', 1, 95, 115, 0),
(671, 'FL671', 7, 3, '2024-01-12 14:45:00', '2024-01-12 15:45:00', 1, 80, 100, 0),
(672, 'FL672', 7, 3, '2024-01-13 09:45:00', '2024-01-13 10:45:00', 1, 85, 105, 0),
(673, 'FL673', 7, 3, '2024-01-14 13:45:00', '2024-01-14 14:45:00', 1, 90, 110, 0),
(674, 'FL674', 7, 3, '2024-01-15 18:45:00', '2024-01-15 19:45:00', 1, 95, 115, 0),
(675, 'FL675', 7, 3, '2024-01-16 22:45:00', '2024-01-16 23:45:00', 1, 80, 100, 0),
(676, 'FL676', 7, 3, '2024-01-17 16:45:00', '2024-01-17 17:45:00', 1, 85, 105, 0),
(677, 'FL677', 7, 3, '2024-01-18 11:45:00', '2024-01-18 12:45:00', 1, 90, 110, 0),
(678, 'FL678', 7, 3, '2024-01-19 15:45:00', '2024-01-19 16:45:00', 1, 95, 115, 0),
(679, 'FL679', 7, 3, '2024-01-20 20:45:00', '2024-01-20 21:45:00', 1, 80, 100, 0),
(680, 'FL680', 7, 3, '2024-01-21 14:45:00', '2024-01-21 15:45:00', 1, 85, 105, 0),
(681, 'FL681', 7, 3, '2024-01-22 09:45:00', '2024-01-22 10:45:00', 1, 90, 110, 0),
(682, 'FL682', 7, 3, '2024-01-23 13:45:00', '2024-01-23 14:45:00', 1, 95, 115, 0),
(683, 'FL683', 7, 3, '2024-01-24 18:45:00', '2024-01-24 19:45:00', 1, 80, 100, 0),
(684, 'FL684', 7, 3, '2024-01-25 23:45:00', '2024-01-26 00:45:00', 1, 85, 105, 0),
(685, 'FL685', 7, 3, '2024-01-26 17:45:00', '2024-01-26 18:45:00', 1, 90, 110, 0),
(686, 'FL686', 7, 3, '2024-01-27 12:45:00', '2024-01-27 13:45:00', 1, 95, 115, 0),
(687, 'FL687', 7, 3, '2024-01-28 16:45:00', '2024-01-28 17:45:00', 1, 80, 100, 0),
(688, 'FL688', 7, 3, '2024-01-29 21:45:00', '2024-01-29 22:45:00', 1, 85, 105, 0),
(689, 'FL689', 7, 3, '2024-01-30 15:45:00', '2024-01-30 16:45:00', 1, 90, 110, 0),
(690, 'FL690', 7, 3, '2024-01-31 10:45:00', '2024-01-31 11:45:00', 1, 95, 115, 0),
(691, 'FL691', 4, 7, '2024-01-09 09:45:00', '2024-01-09 10:45:00', 1, 88, 108, 0),
(692, 'FL692', 4, 7, '2024-01-10 18:45:00', '2024-01-10 19:45:00', 1, 92, 112, 0),
(693, 'FL693', 4, 7, '2024-01-11 23:45:00', '2024-01-12 00:45:00', 1, 97, 117, 0),
(694, 'FL694', 4, 7, '2024-01-12 14:45:00', '2024-01-12 15:45:00', 1, 82, 102, 0),
(695, 'FL695', 4, 7, '2024-01-13 09:45:00', '2024-01-13 10:45:00', 1, 88, 108, 0),
(696, 'FL696', 4, 7, '2024-01-14 13:45:00', '2024-01-14 14:45:00', 1, 92, 112, 0),
(697, 'FL697', 4, 7, '2024-01-15 18:45:00', '2024-01-15 19:45:00', 1, 97, 117, 0),
(698, 'FL698', 4, 7, '2024-01-16 22:45:00', '2024-01-16 23:45:00', 1, 82, 102, 0),
(699, 'FL699', 4, 7, '2024-01-17 16:45:00', '2024-01-17 17:45:00', 1, 88, 108, 0),
(700, 'FL700', 4, 7, '2024-01-18 11:45:00', '2024-01-18 12:45:00', 1, 92, 112, 0),
(701, 'FL701', 4, 7, '2024-01-19 15:45:00', '2024-01-19 16:45:00', 1, 97, 117, 0),
(702, 'FL702', 4, 7, '2024-01-20 20:45:00', '2024-01-20 21:45:00', 1, 82, 102, 0),
(703, 'FL703', 4, 7, '2024-01-21 14:45:00', '2024-01-21 15:45:00', 1, 88, 108, 0),
(704, 'FL704', 4, 7, '2024-01-22 09:45:00', '2024-01-22 10:45:00', 1, 92, 112, 0),
(705, 'FL705', 4, 7, '2024-01-23 13:45:00', '2024-01-23 14:45:00', 1, 97, 117, 0),
(706, 'FL706', 4, 7, '2024-01-24 18:45:00', '2024-01-24 19:45:00', 1, 82, 102, 0),
(707, 'FL707', 4, 7, '2024-01-25 23:45:00', '2024-01-26 00:45:00', 1, 88, 108, 0),
(708, 'FL708', 4, 7, '2024-01-26 17:45:00', '2024-01-26 18:45:00', 1, 92, 112, 0),
(709, 'FL709', 4, 7, '2024-01-27 12:45:00', '2024-01-27 13:45:00', 1, 97, 117, 0),
(710, 'FL710', 4, 7, '2024-01-28 16:45:00', '2024-01-28 17:45:00', 1, 82, 102, 0),
(711, 'FL711', 4, 7, '2024-01-29 21:45:00', '2024-01-29 22:45:00', 1, 88, 108, 0),
(712, 'FL712', 4, 7, '2024-01-30 15:45:00', '2024-01-30 16:45:00', 1, 92, 112, 0),
(713, 'FL713', 4, 7, '2024-01-31 10:45:00', '2024-01-31 11:45:00', 1, 97, 117, 0),
(714, 'FL714', 7, 4, '2024-01-09 09:45:00', '2024-01-09 10:45:00', 1, 88, 108, 0),
(715, 'FL715', 7, 4, '2024-01-10 18:45:00', '2024-01-10 19:45:00', 1, 92, 112, 0),
(716, 'FL716', 7, 4, '2024-01-11 23:45:00', '2024-01-12 00:45:00', 1, 97, 117, 0),
(717, 'FL717', 7, 4, '2024-01-12 14:45:00', '2024-01-12 15:45:00', 1, 82, 102, 0),
(718, 'FL718', 7, 4, '2024-01-13 09:45:00', '2024-01-13 10:45:00', 1, 88, 108, 0),
(719, 'FL719', 7, 4, '2024-01-14 13:45:00', '2024-01-14 14:45:00', 1, 92, 112, 0),
(720, 'FL720', 7, 4, '2024-01-15 18:45:00', '2024-01-15 19:45:00', 1, 97, 117, 0),
(721, 'FL721', 7, 4, '2024-01-16 22:45:00', '2024-01-16 23:45:00', 1, 82, 102, 0),
(722, 'FL722', 7, 4, '2024-01-17 16:45:00', '2024-01-17 17:45:00', 1, 88, 108, 0),
(723, 'FL723', 7, 4, '2024-01-18 11:45:00', '2024-01-18 12:45:00', 1, 92, 112, 0),
(724, 'FL724', 7, 4, '2024-01-19 15:45:00', '2024-01-19 16:45:00', 1, 97, 117, 0),
(725, 'FL725', 7, 4, '2024-01-20 20:45:00', '2024-01-20 21:45:00', 1, 82, 102, 0),
(726, 'FL726', 7, 4, '2024-01-21 14:45:00', '2024-01-21 15:45:00', 1, 88, 108, 0),
(727, 'FL727', 7, 4, '2024-01-22 09:45:00', '2024-01-22 10:45:00', 1, 92, 112, 0),
(728, 'FL728', 7, 4, '2024-01-23 13:45:00', '2024-01-23 14:45:00', 1, 97, 117, 0),
(729, 'FL729', 7, 4, '2024-01-24 18:45:00', '2024-01-24 19:45:00', 1, 82, 102, 0),
(730, 'FL730', 7, 4, '2024-01-25 23:45:00', '2024-01-26 00:45:00', 1, 88, 108, 0),
(731, 'FL731', 7, 4, '2024-01-26 17:45:00', '2024-01-26 18:45:00', 1, 92, 112, 0),
(732, 'FL732', 7, 4, '2024-01-27 12:45:00', '2024-01-27 13:45:00', 1, 97, 117, 0),
(733, 'FL733', 7, 4, '2024-01-28 16:45:00', '2024-01-28 17:45:00', 1, 82, 102, 0),
(734, 'FL734', 7, 4, '2024-01-29 21:45:00', '2024-01-29 22:45:00', 1, 88, 108, 0),
(735, 'FL735', 7, 4, '2024-01-30 15:45:00', '2024-01-30 16:45:00', 1, 92, 112, 0),
(736, 'FL736', 7, 4, '2024-01-31 10:45:00', '2024-01-31 11:45:00', 1, 97, 117, 0),
(737, 'FL737', 7, 6, '2024-01-09 10:00:00', '2024-01-09 11:00:00', 1, 95, 115, 0),
(738, 'FL738', 7, 6, '2024-01-10 19:00:00', '2024-01-10 20:00:00', 1, 100, 120, 0),
(739, 'FL739', 7, 6, '2024-01-12 00:00:00', '2024-01-12 01:00:00', 1, 105, 125, 0),
(740, 'FL740', 7, 6, '2024-01-12 16:00:00', '2024-01-12 17:00:00', 1, 90, 110, 0),
(741, 'FL741', 7, 6, '2024-01-13 11:00:00', '2024-01-13 12:00:00', 1, 95, 115, 0),
(742, 'FL742', 7, 6, '2024-01-14 15:00:00', '2024-01-14 16:00:00', 1, 100, 120, 0),
(743, 'FL743', 7, 6, '2024-01-15 20:00:00', '2024-01-15 21:00:00', 1, 105, 125, 0),
(744, 'FL744', 7, 6, '2024-01-17 00:00:00', '2024-01-17 01:00:00', 1, 90, 110, 0),
(745, 'FL745', 7, 6, '2024-01-17 18:00:00', '2024-01-17 19:00:00', 1, 95, 115, 0),
(746, 'FL746', 7, 6, '2024-01-18 13:00:00', '2024-01-18 14:00:00', 1, 100, 120, 0),
(747, 'FL747', 7, 6, '2024-01-19 16:00:00', '2024-01-19 17:00:00', 1, 105, 125, 0),
(748, 'FL748', 7, 6, '2024-01-20 21:00:00', '2024-01-20 22:00:00', 1, 90, 110, 0),
(749, 'FL749', 7, 6, '2024-01-21 15:00:00', '2024-01-21 16:00:00', 1, 95, 115, 0),
(750, 'FL750', 7, 6, '2024-01-22 10:00:00', '2024-01-22 11:00:00', 1, 100, 120, 0),
(751, 'FL751', 7, 6, '2024-01-23 14:00:00', '2024-01-23 15:00:00', 1, 105, 125, 0),
(752, 'FL752', 7, 6, '2024-01-24 19:00:00', '2024-01-24 20:00:00', 1, 90, 110, 0),
(753, 'FL753', 7, 6, '2024-01-26 00:00:00', '2024-01-26 01:00:00', 1, 95, 115, 0),
(754, 'FL754', 7, 6, '2024-01-26 18:00:00', '2024-01-26 19:00:00', 1, 100, 120, 0),
(755, 'FL755', 7, 6, '2024-01-27 13:00:00', '2024-01-27 14:00:00', 1, 105, 125, 0),
(756, 'FL756', 7, 6, '2024-01-28 17:00:00', '2024-01-28 18:00:00', 1, 90, 110, 0),
(757, 'FL757', 7, 6, '2024-01-29 22:00:00', '2024-01-29 23:00:00', 1, 95, 115, 0),
(758, 'FL758', 7, 6, '2024-01-30 16:00:00', '2024-01-30 17:00:00', 1, 100, 120, 0),
(759, 'FL759', 7, 6, '2024-01-31 11:00:00', '2024-01-31 12:00:00', 1, 105, 125, 0),
(760, 'FL760', 6, 7, '2024-01-09 10:00:00', '2024-01-09 11:00:00', 1, 95, 115, 0),
(761, 'FL761', 6, 7, '2024-01-10 19:00:00', '2024-01-10 20:00:00', 1, 100, 120, 0),
(762, 'FL762', 6, 7, '2024-01-12 00:00:00', '2024-01-12 01:00:00', 1, 105, 125, 0),
(763, 'FL763', 6, 7, '2024-01-12 16:00:00', '2024-01-12 17:00:00', 1, 90, 110, 0),
(764, 'FL764', 6, 7, '2024-01-13 11:00:00', '2024-01-13 12:00:00', 1, 95, 115, 0),
(765, 'FL765', 6, 7, '2024-01-14 15:00:00', '2024-01-14 16:00:00', 1, 100, 120, 0),
(766, 'FL766', 6, 7, '2024-01-15 20:00:00', '2024-01-15 21:00:00', 1, 105, 125, 0),
(767, 'FL767', 6, 7, '2024-01-17 00:00:00', '2024-01-17 01:00:00', 1, 90, 110, 0),
(768, 'FL768', 6, 7, '2024-01-17 18:00:00', '2024-01-17 19:00:00', 1, 95, 115, 0),
(769, 'FL769', 6, 7, '2024-01-18 13:00:00', '2024-01-18 14:00:00', 1, 100, 120, 0),
(770, 'FL770', 6, 7, '2024-01-19 16:00:00', '2024-01-19 17:00:00', 1, 105, 125, 0),
(771, 'FL771', 6, 7, '2024-01-20 21:00:00', '2024-01-20 22:00:00', 1, 90, 110, 0),
(772, 'FL772', 6, 7, '2024-01-21 15:00:00', '2024-01-21 16:00:00', 1, 95, 115, 0),
(773, 'FL773', 6, 7, '2024-01-22 10:00:00', '2024-01-22 11:00:00', 1, 100, 120, 0),
(774, 'FL774', 6, 7, '2024-01-23 14:00:00', '2024-01-23 15:00:00', 1, 105, 125, 0),
(775, 'FL775', 6, 7, '2024-01-24 19:00:00', '2024-01-24 20:00:00', 1, 90, 110, 0),
(776, 'FL776', 6, 7, '2024-01-26 00:00:00', '2024-01-26 01:00:00', 1, 95, 115, 0),
(777, 'FL777', 6, 7, '2024-01-26 18:00:00', '2024-01-26 19:00:00', 1, 100, 120, 0),
(778, 'FL778', 6, 7, '2024-01-27 13:00:00', '2024-01-27 14:00:00', 1, 105, 125, 0),
(779, 'FL779', 6, 7, '2024-01-28 17:00:00', '2024-01-28 18:00:00', 1, 90, 110, 0),
(780, 'FL780', 6, 7, '2024-01-29 22:00:00', '2024-01-29 23:00:00', 1, 95, 115, 0),
(781, 'FL781', 6, 7, '2024-01-30 16:00:00', '2024-01-30 17:00:00', 1, 100, 120, 0),
(782, 'FL782', 6, 7, '2024-01-31 11:00:00', '2024-01-31 12:00:00', 1, 105, 125, 0),
(783, 'FL783', 7, 9, '2024-01-09 10:30:00', '2024-01-09 11:30:00', 1, 95, 115, 0),
(784, 'FL784', 7, 9, '2024-01-10 19:30:00', '2024-01-10 20:30:00', 1, 100, 120, 0),
(785, 'FL785', 7, 9, '2024-01-12 00:30:00', '2024-01-12 01:30:00', 1, 105, 125, 0),
(786, 'FL786', 7, 9, '2024-01-12 16:30:00', '2024-01-12 17:30:00', 1, 90, 110, 0),
(787, 'FL787', 7, 9, '2024-01-13 11:30:00', '2024-01-13 12:30:00', 1, 95, 115, 0),
(788, 'FL788', 7, 9, '2024-01-14 15:30:00', '2024-01-14 16:30:00', 1, 100, 120, 0),
(789, 'FL789', 7, 9, '2024-01-15 20:30:00', '2024-01-15 21:30:00', 1, 105, 125, 0),
(790, 'FL790', 7, 9, '2024-01-17 00:30:00', '2024-01-17 01:30:00', 1, 90, 110, 0),
(791, 'FL791', 7, 9, '2024-01-17 18:30:00', '2024-01-17 19:30:00', 1, 95, 115, 0),
(792, 'FL792', 7, 9, '2024-01-18 13:30:00', '2024-01-18 14:30:00', 1, 100, 120, 0),
(793, 'FL793', 7, 9, '2024-01-19 16:30:00', '2024-01-19 17:30:00', 1, 105, 125, 0),
(794, 'FL794', 7, 9, '2024-01-20 21:30:00', '2024-01-20 22:30:00', 1, 90, 110, 0),
(795, 'FL795', 7, 9, '2024-01-21 15:30:00', '2024-01-21 16:30:00', 1, 95, 115, 0),
(796, 'FL796', 7, 9, '2024-01-22 10:30:00', '2024-01-22 11:30:00', 1, 100, 120, 0),
(797, 'FL797', 7, 9, '2024-01-23 14:30:00', '2024-01-23 15:30:00', 1, 105, 125, 0),
(798, 'FL798', 7, 9, '2024-01-24 19:30:00', '2024-01-24 20:30:00', 1, 90, 110, 0),
(799, 'FL799', 7, 9, '2024-01-26 00:30:00', '2024-01-26 01:30:00', 1, 95, 115, 0),
(800, 'FL800', 7, 9, '2024-01-26 18:30:00', '2024-01-26 19:30:00', 1, 100, 120, 0),
(801, 'FL801', 7, 9, '2024-01-27 13:30:00', '2024-01-27 14:30:00', 1, 105, 125, 0),
(802, 'FL802', 7, 9, '2024-01-28 17:30:00', '2024-01-28 18:30:00', 1, 90, 110, 0),
(803, 'FL803', 7, 9, '2024-01-29 22:30:00', '2024-01-29 23:30:00', 1, 95, 115, 0),
(804, 'FL804', 7, 9, '2024-01-30 16:30:00', '2024-01-30 17:30:00', 1, 100, 120, 0),
(805, 'FL805', 7, 9, '2024-01-31 11:30:00', '2024-01-31 12:30:00', 1, 105, 125, 0),
(806, 'FL806', 9, 7, '2024-01-09 10:30:00', '2024-01-09 11:30:00', 1, 95, 115, 0),
(807, 'FL807', 9, 7, '2024-01-10 19:30:00', '2024-01-10 20:30:00', 1, 100, 120, 0),
(808, 'FL808', 9, 7, '2024-01-12 00:30:00', '2024-01-12 01:30:00', 1, 105, 125, 0),
(809, 'FL809', 9, 7, '2024-01-12 16:30:00', '2024-01-12 17:30:00', 1, 90, 110, 0),
(810, 'FL810', 9, 7, '2024-01-13 11:30:00', '2024-01-13 12:30:00', 1, 95, 115, 0),
(811, 'FL811', 9, 7, '2024-01-14 15:30:00', '2024-01-14 16:30:00', 1, 100, 120, 0),
(812, 'FL812', 9, 7, '2024-01-15 20:30:00', '2024-01-15 21:30:00', 1, 105, 125, 0),
(813, 'FL813', 9, 7, '2024-01-17 00:30:00', '2024-01-17 01:30:00', 1, 90, 110, 0),
(814, 'FL814', 9, 7, '2024-01-17 18:30:00', '2024-01-17 19:30:00', 1, 95, 115, 0),
(815, 'FL815', 9, 7, '2024-01-18 13:30:00', '2024-01-18 14:30:00', 1, 100, 120, 0),
(816, 'FL816', 9, 7, '2024-01-19 16:30:00', '2024-01-19 17:30:00', 1, 105, 125, 0),
(817, 'FL817', 9, 7, '2024-01-20 21:30:00', '2024-01-20 22:30:00', 1, 90, 110, 0),
(818, 'FL818', 9, 7, '2024-01-21 15:30:00', '2024-01-21 16:30:00', 1, 95, 115, 0),
(819, 'FL819', 9, 7, '2024-01-22 10:30:00', '2024-01-22 11:30:00', 1, 100, 120, 0),
(820, 'FL820', 9, 7, '2024-01-23 14:30:00', '2024-01-23 15:30:00', 1, 105, 125, 0),
(821, 'FL821', 9, 7, '2024-01-24 19:30:00', '2024-01-24 20:30:00', 1, 90, 110, 0),
(822, 'FL822', 9, 7, '2024-01-26 00:30:00', '2024-01-26 01:30:00', 1, 95, 115, 0),
(823, 'FL823', 9, 7, '2024-01-26 18:30:00', '2024-01-26 19:30:00', 1, 100, 120, 0),
(824, 'FL824', 9, 7, '2024-01-27 13:30:00', '2024-01-27 14:30:00', 1, 105, 125, 0),
(825, 'FL825', 9, 7, '2024-01-28 17:30:00', '2024-01-28 18:30:00', 1, 90, 110, 0),
(826, 'FL826', 9, 7, '2024-01-29 22:30:00', '2024-01-29 23:30:00', 1, 95, 115, 0),
(827, 'FL827', 9, 7, '2024-01-30 16:30:00', '2024-01-30 17:30:00', 1, 100, 120, 0),
(828, 'FL828', 9, 7, '2024-01-31 11:30:00', '2024-01-31 12:30:00', 1, 105, 125, 0),
(829, 'FL829', 7, 10, '2024-01-09 10:30:00', '2024-01-09 11:30:00', 1, 95, 115, 0),
(830, 'FL830', 7, 10, '2024-01-10 19:30:00', '2024-01-10 20:30:00', 1, 100, 120, 0),
(831, 'FL831', 7, 10, '2024-01-12 00:30:00', '2024-01-12 01:30:00', 1, 105, 125, 0),
(832, 'FL832', 7, 10, '2024-01-12 16:30:00', '2024-01-12 17:30:00', 1, 90, 110, 0),
(833, 'FL833', 7, 10, '2024-01-13 11:30:00', '2024-01-13 12:30:00', 1, 95, 115, 0),
(834, 'FL834', 7, 10, '2024-01-14 15:30:00', '2024-01-14 16:30:00', 1, 100, 120, 0),
(835, 'FL835', 7, 10, '2024-01-15 20:30:00', '2024-01-15 21:30:00', 1, 105, 125, 0),
(836, 'FL836', 7, 10, '2024-01-17 00:30:00', '2024-01-17 01:30:00', 1, 90, 110, 0),
(837, 'FL837', 7, 10, '2024-01-17 18:30:00', '2024-01-17 19:30:00', 1, 95, 115, 0),
(838, 'FL838', 7, 10, '2024-01-18 13:30:00', '2024-01-18 14:30:00', 1, 100, 120, 0),
(839, 'FL839', 7, 10, '2024-01-19 16:30:00', '2024-01-19 17:30:00', 1, 105, 125, 0),
(840, 'FL840', 7, 10, '2024-01-20 21:30:00', '2024-01-20 22:30:00', 1, 90, 110, 0),
(841, 'FL841', 7, 10, '2024-01-21 15:30:00', '2024-01-21 16:30:00', 1, 95, 115, 0),
(842, 'FL842', 7, 10, '2024-01-22 10:30:00', '2024-01-22 11:30:00', 1, 100, 120, 0),
(843, 'FL843', 7, 10, '2024-01-23 14:30:00', '2024-01-23 15:30:00', 1, 105, 125, 0),
(844, 'FL844', 7, 10, '2024-01-24 19:30:00', '2024-01-24 20:30:00', 1, 90, 110, 0),
(845, 'FL845', 7, 10, '2024-01-26 00:30:00', '2024-01-26 01:30:00', 1, 95, 115, 0),
(846, 'FL846', 7, 10, '2024-01-26 18:30:00', '2024-01-26 19:30:00', 1, 100, 120, 0),
(847, 'FL847', 7, 10, '2024-01-27 13:30:00', '2024-01-27 14:30:00', 1, 105, 125, 0),
(848, 'FL848', 7, 10, '2024-01-28 17:30:00', '2024-01-28 18:30:00', 1, 90, 110, 0),
(849, 'FL849', 7, 10, '2024-01-29 22:30:00', '2024-01-29 23:30:00', 1, 95, 115, 0),
(850, 'FL850', 7, 10, '2024-01-30 16:30:00', '2024-01-30 17:30:00', 1, 100, 120, 0),
(851, 'FL851', 7, 10, '2024-01-31 11:30:00', '2024-01-31 12:30:00', 1, 105, 125, 0),
(852, 'FL852', 10, 7, '2024-01-09 10:30:00', '2024-01-09 11:30:00', 1, 95, 115, 0),
(853, 'FL853', 10, 7, '2024-01-10 19:30:00', '2024-01-10 20:30:00', 1, 100, 120, 0),
(854, 'FL854', 10, 7, '2024-01-12 00:30:00', '2024-01-12 01:30:00', 1, 105, 125, 0),
(855, 'FL855', 10, 7, '2024-01-12 16:30:00', '2024-01-12 17:30:00', 1, 90, 110, 0),
(856, 'FL856', 10, 7, '2024-01-13 11:30:00', '2024-01-13 12:30:00', 1, 95, 115, 0),
(857, 'FL857', 10, 7, '2024-01-14 15:30:00', '2024-01-14 16:30:00', 1, 100, 120, 0),
(858, 'FL858', 10, 7, '2024-01-15 20:30:00', '2024-01-15 21:30:00', 1, 105, 125, 0),
(859, 'FL859', 10, 7, '2024-01-17 00:30:00', '2024-01-17 01:30:00', 1, 90, 110, 0),
(860, 'FL860', 10, 7, '2024-01-17 18:30:00', '2024-01-17 19:30:00', 1, 95, 115, 0),
(861, 'FL861', 10, 7, '2024-01-18 13:30:00', '2024-01-18 14:30:00', 1, 100, 120, 0),
(862, 'FL862', 10, 7, '2024-01-19 16:30:00', '2024-01-19 17:30:00', 1, 105, 125, 0),
(863, 'FL863', 10, 7, '2024-01-20 21:30:00', '2024-01-20 22:30:00', 1, 90, 110, 0),
(864, 'FL864', 10, 7, '2024-01-21 15:30:00', '2024-01-21 16:30:00', 1, 95, 115, 0),
(865, 'FL865', 10, 7, '2024-01-22 10:30:00', '2024-01-22 11:30:00', 1, 100, 120, 0),
(866, 'FL866', 10, 7, '2024-01-23 14:30:00', '2024-01-23 15:30:00', 1, 105, 125, 0),
(867, 'FL867', 10, 7, '2024-01-24 19:30:00', '2024-01-24 20:30:00', 1, 90, 110, 0),
(868, 'FL868', 10, 7, '2024-01-26 00:30:00', '2024-01-26 01:30:00', 1, 95, 115, 0),
(869, 'FL869', 10, 7, '2024-01-26 18:30:00', '2024-01-26 19:30:00', 1, 100, 120, 0),
(870, 'FL870', 10, 7, '2024-01-27 13:30:00', '2024-01-27 14:30:00', 1, 105, 125, 0),
(871, 'FL871', 10, 7, '2024-01-28 17:30:00', '2024-01-28 18:30:00', 1, 90, 110, 0),
(872, 'FL872', 10, 7, '2024-01-29 22:30:00', '2024-01-29 23:30:00', 1, 95, 115, 0),
(873, 'FL873', 10, 7, '2024-01-30 16:30:00', '2024-01-30 17:30:00', 1, 100, 120, 0),
(874, 'FL874', 10, 7, '2024-01-31 11:30:00', '2024-01-31 12:30:00', 1, 105, 125, 0),
(875, 'FL875', 8, 2, '2024-01-09 10:30:00', '2024-01-09 11:30:00', 1, 95, 115, 0),
(876, 'FL876', 8, 2, '2024-01-10 19:30:00', '2024-01-10 20:30:00', 1, 100, 120, 0),
(877, 'FL877', 8, 2, '2024-01-12 00:30:00', '2024-01-12 01:30:00', 1, 105, 125, 0),
(878, 'FL878', 8, 2, '2024-01-12 16:30:00', '2024-01-12 17:30:00', 1, 90, 110, 0),
(879, 'FL879', 8, 2, '2024-01-13 11:30:00', '2024-01-13 12:30:00', 1, 95, 115, 0),
(880, 'FL880', 8, 2, '2024-01-14 15:30:00', '2024-01-14 16:30:00', 1, 100, 120, 0),
(881, 'FL881', 8, 2, '2024-01-15 20:30:00', '2024-01-15 21:30:00', 1, 105, 125, 0),
(882, 'FL882', 8, 2, '2024-01-17 00:30:00', '2024-01-17 01:30:00', 1, 90, 110, 0),
(883, 'FL883', 8, 2, '2024-01-17 18:30:00', '2024-01-17 19:30:00', 1, 95, 115, 0),
(884, 'FL884', 8, 2, '2024-01-18 13:30:00', '2024-01-18 14:30:00', 1, 100, 120, 0),
(885, 'FL885', 8, 2, '2024-01-19 16:30:00', '2024-01-19 17:30:00', 1, 105, 125, 0),
(886, 'FL886', 8, 2, '2024-01-20 21:30:00', '2024-01-20 22:30:00', 1, 90, 110, 0),
(887, 'FL887', 8, 2, '2024-01-21 15:30:00', '2024-01-21 16:30:00', 1, 95, 115, 0),
(888, 'FL888', 8, 2, '2024-01-22 10:30:00', '2024-01-22 11:30:00', 1, 100, 120, 0),
(889, 'FL889', 8, 2, '2024-01-23 14:30:00', '2024-01-23 15:30:00', 1, 105, 125, 0),
(890, 'FL890', 8, 2, '2024-01-24 19:30:00', '2024-01-24 20:30:00', 1, 90, 110, 0),
(891, 'FL891', 8, 2, '2024-01-26 00:30:00', '2024-01-26 01:30:00', 1, 95, 115, 0),
(892, 'FL892', 8, 2, '2024-01-26 18:30:00', '2024-01-26 19:30:00', 1, 100, 120, 0),
(893, 'FL893', 8, 2, '2024-01-27 13:30:00', '2024-01-27 14:30:00', 1, 105, 125, 0),
(894, 'FL894', 8, 2, '2024-01-28 17:30:00', '2024-01-28 18:30:00', 1, 90, 110, 0),
(895, 'FL895', 8, 2, '2024-01-29 22:30:00', '2024-01-29 23:30:00', 1, 95, 115, 0),
(896, 'FL896', 8, 2, '2024-01-30 16:30:00', '2024-01-30 17:30:00', 1, 100, 120, 0),
(897, 'FL897', 8, 2, '2024-01-31 11:30:00', '2024-01-31 12:30:00', 1, 105, 125, 0),
(898, 'FL898', 2, 8, '2024-01-09 10:30:00', '2024-01-09 11:30:00', 1, 95, 115, 0),
(899, 'FL899', 2, 8, '2024-01-10 19:30:00', '2024-01-10 20:30:00', 1, 100, 120, 0),
(900, 'FL900', 2, 8, '2024-01-12 00:30:00', '2024-01-12 01:30:00', 1, 105, 125, 0),
(901, 'FL901', 2, 8, '2024-01-12 16:30:00', '2024-01-12 17:30:00', 1, 90, 110, 0),
(902, 'FL902', 2, 8, '2024-01-13 11:30:00', '2024-01-13 12:30:00', 1, 95, 115, 0),
(903, 'FL903', 2, 8, '2024-01-14 15:30:00', '2024-01-14 16:30:00', 1, 100, 120, 0),
(904, 'FL904', 2, 8, '2024-01-15 20:30:00', '2024-01-15 21:30:00', 1, 105, 125, 0),
(905, 'FL905', 2, 8, '2024-01-17 00:30:00', '2024-01-17 01:30:00', 1, 90, 110, 0),
(906, 'FL906', 2, 8, '2024-01-17 18:30:00', '2024-01-17 19:30:00', 1, 95, 115, 0),
(907, 'FL907', 2, 8, '2024-01-18 13:30:00', '2024-01-18 14:30:00', 1, 100, 120, 0),
(908, 'FL908', 2, 8, '2024-01-19 16:30:00', '2024-01-19 17:30:00', 1, 105, 125, 0),
(909, 'FL909', 2, 8, '2024-01-20 21:30:00', '2024-01-20 22:30:00', 1, 90, 110, 0),
(910, 'FL910', 2, 8, '2024-01-21 15:30:00', '2024-01-21 16:30:00', 1, 95, 115, 0),
(911, 'FL911', 2, 8, '2024-01-22 10:30:00', '2024-01-22 11:30:00', 1, 100, 120, 0),
(912, 'FL912', 2, 8, '2024-01-23 14:30:00', '2024-01-23 15:30:00', 1, 105, 125, 0),
(913, 'FL913', 2, 8, '2024-01-24 19:30:00', '2024-01-24 20:30:00', 1, 90, 110, 0),
(914, 'FL914', 2, 8, '2024-01-26 00:30:00', '2024-01-26 01:30:00', 1, 95, 115, 0),
(915, 'FL915', 2, 8, '2024-01-26 18:30:00', '2024-01-26 19:30:00', 1, 100, 120, 0),
(916, 'FL916', 2, 8, '2024-01-27 13:30:00', '2024-01-27 14:30:00', 1, 105, 125, 0),
(917, 'FL917', 2, 8, '2024-01-28 17:30:00', '2024-01-28 18:30:00', 1, 90, 110, 0),
(918, 'FL918', 2, 8, '2024-01-29 22:30:00', '2024-01-29 23:30:00', 1, 95, 115, 0),
(919, 'FL919', 2, 8, '2024-01-30 16:30:00', '2024-01-30 17:30:00', 1, 100, 120, 0),
(920, 'FL920', 2, 8, '2024-01-31 11:30:00', '2024-01-31 12:30:00', 1, 105, 125, 0),
(921, 'FL921', 8, 3, '2024-01-09 11:30:00', '2024-01-09 12:30:00', 1, 100, 120, 0),
(922, 'FL922', 8, 3, '2024-01-10 20:30:00', '2024-01-10 21:30:00', 1, 105, 125, 0),
(923, 'FL923', 8, 3, '2024-01-12 01:30:00', '2024-01-12 02:30:00', 1, 90, 110, 0),
(924, 'FL924', 8, 3, '2024-01-12 17:30:00', '2024-01-12 18:30:00', 1, 95, 115, 0),
(925, 'FL925', 8, 3, '2024-01-13 12:30:00', '2024-01-13 13:30:00', 1, 100, 120, 0),
(926, 'FL926', 8, 3, '2024-01-14 16:30:00', '2024-01-14 17:30:00', 1, 105, 125, 0),
(927, 'FL927', 8, 3, '2024-01-15 21:30:00', '2024-01-15 22:30:00', 1, 90, 110, 0),
(928, 'FL928', 8, 3, '2024-01-17 01:30:00', '2024-01-17 02:30:00', 1, 95, 115, 0),
(929, 'FL929', 8, 3, '2024-01-17 19:30:00', '2024-01-17 20:30:00', 1, 100, 120, 0),
(930, 'FL930', 8, 3, '2024-01-18 14:30:00', '2024-01-18 15:30:00', 1, 105, 125, 0),
(931, 'FL931', 8, 3, '2024-01-19 17:30:00', '2024-01-19 18:30:00', 1, 90, 110, 0),
(932, 'FL932', 8, 3, '2024-01-20 22:30:00', '2024-01-21 23:30:00', 1, 95, 115, 0),
(933, 'FL933', 8, 3, '2024-01-21 16:30:00', '2024-01-21 17:30:00', 1, 100, 120, 0),
(934, 'FL934', 8, 3, '2024-01-22 11:30:00', '2024-01-22 12:30:00', 1, 105, 125, 0),
(935, 'FL935', 8, 3, '2024-01-23 15:30:00', '2024-01-23 16:30:00', 1, 90, 110, 0),
(936, 'FL936', 8, 3, '2024-01-24 20:30:00', '2024-01-24 21:30:00', 1, 95, 115, 0),
(937, 'FL937', 8, 3, '2024-01-26 01:30:00', '2024-01-26 02:30:00', 1, 100, 120, 0),
(938, 'FL938', 8, 3, '2024-01-26 19:30:00', '2024-01-26 20:30:00', 1, 105, 125, 0),
(939, 'FL939', 8, 3, '2024-01-27 14:30:00', '2024-01-27 15:30:00', 1, 90, 110, 0),
(940, 'FL940', 8, 3, '2024-01-28 18:30:00', '2024-01-28 19:30:00', 1, 95, 115, 0),
(941, 'FL941', 8, 3, '2024-01-29 23:30:00', '2024-01-30 00:30:00', 1, 100, 120, 0),
(942, 'FL942', 8, 3, '2024-01-30 17:30:00', '2024-01-30 18:30:00', 1, 105, 125, 0),
(943, 'FL943', 8, 3, '2024-01-31 12:30:00', '2024-01-31 13:30:00', 1, 90, 110, 0),
(944, 'FL944', 3, 8, '2024-01-09 11:30:00', '2024-01-09 12:30:00', 1, 100, 120, 0),
(945, 'FL945', 3, 8, '2024-01-10 20:30:00', '2024-01-10 21:30:00', 1, 105, 125, 0),
(946, 'FL946', 3, 8, '2024-01-12 01:30:00', '2024-01-12 02:30:00', 1, 90, 110, 0),
(947, 'FL947', 3, 8, '2024-01-12 17:30:00', '2024-01-12 18:30:00', 1, 95, 115, 0),
(948, 'FL948', 3, 8, '2024-01-13 12:30:00', '2024-01-13 13:30:00', 1, 100, 120, 0),
(949, 'FL949', 3, 8, '2024-01-14 16:30:00', '2024-01-14 17:30:00', 1, 105, 125, 0),
(950, 'FL950', 3, 8, '2024-01-15 21:30:00', '2024-01-15 22:30:00', 1, 90, 110, 0),
(951, 'FL951', 3, 8, '2024-01-17 01:30:00', '2024-01-17 02:30:00', 1, 95, 115, 0),
(952, 'FL952', 3, 8, '2024-01-17 19:30:00', '2024-01-17 20:30:00', 1, 100, 120, 0),
(953, 'FL953', 3, 8, '2024-01-18 14:30:00', '2024-01-18 15:30:00', 1, 105, 125, 0),
(954, 'FL954', 3, 8, '2024-01-19 17:30:00', '2024-01-19 18:30:00', 1, 90, 110, 0),
(955, 'FL955', 3, 8, '2024-01-20 22:30:00', '2024-01-21 23:30:00', 1, 95, 115, 0),
(956, 'FL956', 3, 8, '2024-01-21 16:30:00', '2024-01-21 17:30:00', 1, 100, 120, 0),
(957, 'FL957', 3, 8, '2024-01-22 11:30:00', '2024-01-22 12:30:00', 1, 105, 125, 0),
(958, 'FL958', 3, 8, '2024-01-23 15:30:00', '2024-01-23 16:30:00', 1, 90, 110, 0),
(959, 'FL959', 3, 8, '2024-01-24 20:30:00', '2024-01-24 21:30:00', 1, 95, 115, 0),
(960, 'FL960', 3, 8, '2024-01-26 01:30:00', '2024-01-26 02:30:00', 1, 100, 120, 0),
(961, 'FL961', 3, 8, '2024-01-26 19:30:00', '2024-01-26 20:30:00', 1, 105, 125, 0),
(962, 'FL962', 3, 8, '2024-01-27 14:30:00', '2024-01-27 15:30:00', 1, 90, 110, 0),
(963, 'FL963', 3, 8, '2024-01-28 18:30:00', '2024-01-28 19:30:00', 1, 95, 115, 0),
(964, 'FL964', 3, 8, '2024-01-29 23:30:00', '2024-01-30 00:30:00', 1, 100, 120, 0),
(965, 'FL965', 3, 8, '2024-01-30 17:30:00', '2024-01-30 18:30:00', 1, 105, 125, 0),
(966, 'FL966', 3, 8, '2024-01-31 12:30:00', '2024-01-31 13:30:00', 1, 90, 110, 0),
(967, 'FL967', 4, 8, '2024-01-09 14:30:00', '2024-01-09 15:30:00', 1, 110, 130, 0),
(968, 'FL968', 4, 8, '2024-01-10 23:30:00', '2024-01-11 00:30:00', 1, 115, 135, 0),
(969, 'FL969', 4, 8, '2024-01-12 04:30:00', '2024-01-12 05:30:00', 1, 100, 120, 0),
(970, 'FL970', 4, 8, '2024-01-12 20:30:00', '2024-01-12 21:30:00', 1, 105, 125, 0),
(971, 'FL971', 4, 8, '2024-01-13 15:30:00', '2024-01-13 16:30:00', 1, 110, 130, 0),
(972, 'FL972', 4, 8, '2024-01-14 19:30:00', '2024-01-14 20:30:00', 1, 115, 135, 0),
(973, 'FL973', 4, 8, '2024-01-15 00:30:00', '2024-01-15 01:30:00', 1, 100, 120, 0),
(974, 'FL974', 4, 8, '2024-01-16 04:30:00', '2024-01-16 05:30:00', 1, 105, 125, 0),
(975, 'FL975', 4, 8, '2024-01-16 20:30:00', '2024-01-16 21:30:00', 1, 110, 130, 0),
(976, 'FL976', 4, 8, '2024-01-17 15:30:00', '2024-01-17 16:30:00', 1, 115, 135, 0),
(977, 'FL977', 4, 8, '2024-01-18 18:30:00', '2024-01-18 19:30:00', 1, 100, 120, 0),
(978, 'FL978', 4, 8, '2024-01-19 23:30:00', '2024-01-20 00:30:00', 1, 105, 125, 0),
(979, 'FL979', 4, 8, '2024-01-20 17:30:00', '2024-01-20 18:30:00', 1, 110, 130, 0),
(980, 'FL980', 4, 8, '2024-01-21 12:30:00', '2024-01-21 13:30:00', 1, 115, 135, 0),
(981, 'FL981', 4, 8, '2024-01-22 16:30:00', '2024-01-22 17:30:00', 1, 100, 120, 0),
(982, 'FL982', 4, 8, '2024-01-23 21:30:00', '2024-01-23 22:30:00', 1, 105, 125, 0),
(983, 'FL983', 4, 8, '2024-01-24 02:30:00', '2024-01-24 03:30:00', 1, 110, 130, 0),
(984, 'FL984', 4, 8, '2024-01-25 18:30:00', '2024-01-25 19:30:00', 1, 115, 135, 0),
(985, 'FL985', 4, 8, '2024-01-26 13:30:00', '2024-01-26 14:30:00', 1, 100, 120, 0),
(986, 'FL986', 4, 8, '2024-01-27 18:30:00', '2024-01-27 19:30:00', 1, 105, 125, 0),
(987, 'FL987', 4, 8, '2024-01-28 23:30:00', '2024-01-29 00:30:00', 1, 110, 130, 0),
(988, 'FL988', 4, 8, '2024-01-29 17:30:00', '2024-01-29 18:30:00', 1, 115, 135, 0),
(989, 'FL989', 4, 8, '2024-01-30 12:30:00', '2024-01-30 13:30:00', 1, 100, 120, 0),
(990, 'FL990', 4, 8, '2024-01-31 16:30:00', '2024-01-31 17:30:00', 1, 105, 125, 0),
(991, 'FL991', 8, 4, '2024-01-09 14:30:00', '2024-01-09 15:30:00', 1, 110, 130, 0),
(992, 'FL992', 8, 4, '2024-01-10 23:30:00', '2024-01-11 00:30:00', 1, 115, 135, 0),
(993, 'FL993', 8, 4, '2024-01-12 04:30:00', '2024-01-12 05:30:00', 1, 100, 120, 0),
(994, 'FL994', 8, 4, '2024-01-12 20:30:00', '2024-01-12 21:30:00', 1, 105, 125, 0),
(995, 'FL995', 8, 4, '2024-01-13 15:30:00', '2024-01-13 16:30:00', 1, 110, 130, 0),
(996, 'FL996', 8, 4, '2024-01-14 19:30:00', '2024-01-14 20:30:00', 1, 115, 135, 0),
(997, 'FL997', 8, 4, '2024-01-15 00:30:00', '2024-01-15 01:30:00', 1, 100, 120, 0),
(998, 'FL998', 8, 4, '2024-01-16 04:30:00', '2024-01-16 05:30:00', 1, 105, 125, 0),
(999, 'FL999', 8, 4, '2024-01-16 20:30:00', '2024-01-16 21:30:00', 1, 110, 130, 0),
(1000, 'FL1000', 8, 4, '2024-01-17 15:30:00', '2024-01-17 16:30:00', 1, 115, 135, 0),
(1001, 'FL1001', 8, 4, '2024-01-18 18:30:00', '2024-01-18 19:30:00', 1, 100, 120, 0),
(1002, 'FL1002', 8, 4, '2024-01-19 23:30:00', '2024-01-20 00:30:00', 1, 105, 125, 0),
(1003, 'FL1003', 8, 4, '2024-01-20 17:30:00', '2024-01-20 18:30:00', 1, 110, 130, 0),
(1004, 'FL1004', 8, 4, '2024-01-21 12:30:00', '2024-01-21 13:30:00', 1, 115, 135, 0),
(1005, 'FL1005', 8, 4, '2024-01-22 16:30:00', '2024-01-22 17:30:00', 1, 100, 120, 0),
(1006, 'FL1006', 8, 4, '2024-01-23 21:30:00', '2024-01-23 22:30:00', 1, 105, 125, 0),
(1007, 'FL1007', 8, 4, '2024-01-24 02:30:00', '2024-01-24 03:30:00', 1, 110, 130, 0),
(1008, 'FL1008', 8, 4, '2024-01-25 18:30:00', '2024-01-25 19:30:00', 1, 115, 135, 0),
(1009, 'FL1009', 8, 4, '2024-01-26 13:30:00', '2024-01-26 14:30:00', 1, 100, 120, 0),
(1010, 'FL1010', 8, 4, '2024-01-27 18:30:00', '2024-01-27 19:30:00', 1, 105, 125, 0),
(1011, 'FL1011', 8, 4, '2024-01-28 23:30:00', '2024-01-29 00:30:00', 1, 110, 130, 0),
(1012, 'FL1012', 8, 4, '2024-01-29 17:30:00', '2024-01-29 18:30:00', 1, 115, 135, 0),
(1013, 'FL1013', 8, 4, '2024-01-30 12:30:00', '2024-01-30 13:30:00', 1, 100, 120, 0),
(1014, 'FL1014', 8, 4, '2024-01-31 16:30:00', '2024-01-31 17:30:00', 1, 105, 125, 0),
(1015, 'FL1015', 6, 8, '2024-01-09 10:30:00', '2024-01-09 11:30:00', 1, 120, 140, 0),
(1016, 'FL1016', 6, 8, '2024-01-10 19:30:00', '2024-01-10 20:30:00', 1, 130, 150, 0),
(1017, 'FL1017', 6, 8, '2024-01-11 00:30:00', '2024-01-11 01:30:00', 1, 140, 160, 0),
(1018, 'FL1018', 6, 8, '2024-01-12 05:30:00', '2024-01-12 06:30:00', 1, 150, 170, 0),
(1019, 'FL1019', 6, 8, '2024-01-12 21:30:00', '2024-01-12 22:30:00', 1, 160, 180, 0),
(1020, 'FL1020', 6, 8, '2024-01-13 16:30:00', '2024-01-13 17:30:00', 1, 170, 190, 0),
(1021, 'FL1021', 6, 8, '2024-01-14 20:30:00', '2024-01-14 21:30:00', 1, 180, 200, 0),
(1022, 'FL1022', 6, 8, '2024-01-15 01:30:00', '2024-01-15 02:30:00', 1, 190, 210, 0),
(1023, 'FL1023', 6, 8, '2024-01-16 06:30:00', '2024-01-16 07:30:00', 1, 200, 220, 0),
(1024, 'FL1024', 6, 8, '2024-01-16 22:30:00', '2024-01-16 23:30:00', 1, 210, 230, 0),
(1025, 'FL1025', 6, 8, '2024-01-17 17:30:00', '2024-01-17 18:30:00', 1, 220, 240, 0),
(1026, 'FL1026', 6, 8, '2024-01-18 20:30:00', '2024-01-18 21:30:00', 1, 230, 250, 0),
(1027, 'FL1027', 6, 8, '2024-01-19 01:30:00', '2024-01-19 02:30:00', 1, 240, 260, 0),
(1028, 'FL1028', 6, 8, '2024-01-20 18:30:00', '2024-01-20 19:30:00', 1, 250, 270, 0),
(1029, 'FL1029', 6, 8, '2024-01-21 13:30:00', '2024-01-21 14:30:00', 1, 260, 280, 0),
(1030, 'FL1030', 6, 8, '2024-01-22 17:30:00', '2024-01-22 18:30:00', 1, 270, 290, 0),
(1031, 'FL1031', 6, 8, '2024-01-23 22:30:00', '2024-01-24 23:30:00', 1, 280, 300, 0),
(1032, 'FL1032', 6, 8, '2024-01-24 07:30:00', '2024-01-24 08:30:00', 1, 290, 310, 0),
(1033, 'FL1033', 6, 8, '2024-01-25 21:30:00', '2024-01-25 22:30:00', 1, 300, 320, 0),
(1034, 'FL1034', 6, 8, '2024-01-26 16:30:00', '2024-01-26 17:30:00', 1, 310, 330, 0),
(1035, 'FL1035', 6, 8, '2024-01-27 21:30:00', '2024-01-27 22:30:00', 1, 320, 340, 0),
(1036, 'FL1036', 6, 8, '2024-01-28 02:30:00', '2024-01-28 03:30:00', 1, 330, 350, 0),
(1037, 'FL1037', 6, 8, '2024-01-29 18:30:00', '2024-01-29 19:30:00', 1, 340, 360, 0),
(1038, 'FL1038', 6, 8, '2024-01-30 13:30:00', '2024-01-30 14:30:00', 1, 350, 370, 0),
(1039, 'FL1039', 6, 8, '2024-01-31 17:30:00', '2024-01-31 18:30:00', 1, 360, 380, 0),
(1040, 'FL1040', 8, 6, '2024-01-09 10:30:00', '2024-01-09 11:30:00', 1, 120, 140, 0),
(1041, 'FL1041', 8, 6, '2024-01-10 19:30:00', '2024-01-10 20:30:00', 1, 130, 150, 0),
(1042, 'FL1042', 8, 6, '2024-01-11 00:30:00', '2024-01-11 01:30:00', 1, 140, 160, 0),
(1043, 'FL1043', 8, 6, '2024-01-12 05:30:00', '2024-01-12 06:30:00', 1, 150, 170, 0),
(1044, 'FL1044', 8, 6, '2024-01-12 21:30:00', '2024-01-12 22:30:00', 1, 160, 180, 0),
(1045, 'FL1045', 8, 6, '2024-01-13 16:30:00', '2024-01-13 17:30:00', 1, 170, 190, 0),
(1046, 'FL1046', 8, 6, '2024-01-14 20:30:00', '2024-01-14 21:30:00', 1, 180, 200, 0),
(1047, 'FL1047', 8, 6, '2024-01-15 01:30:00', '2024-01-15 02:30:00', 1, 190, 210, 0),
(1048, 'FL1048', 8, 6, '2024-01-16 06:30:00', '2024-01-16 07:30:00', 1, 200, 220, 0),
(1049, 'FL1049', 8, 6, '2024-01-16 22:30:00', '2024-01-16 23:30:00', 1, 210, 230, 0),
(1050, 'FL1050', 8, 6, '2024-01-17 17:30:00', '2024-01-17 18:30:00', 1, 220, 240, 0),
(1051, 'FL1051', 8, 6, '2024-01-18 20:30:00', '2024-01-18 21:30:00', 1, 230, 250, 0),
(1052, 'FL1052', 8, 6, '2024-01-19 01:30:00', '2024-01-19 02:30:00', 1, 240, 260, 0),
(1053, 'FL1053', 8, 6, '2024-01-20 18:30:00', '2024-01-20 19:30:00', 1, 250, 270, 0),
(1054, 'FL1054', 8, 6, '2024-01-21 13:30:00', '2024-01-21 14:30:00', 1, 260, 280, 0),
(1055, 'FL1055', 8, 6, '2024-01-22 17:30:00', '2024-01-22 18:30:00', 1, 270, 290, 0),
(1056, 'FL1056', 8, 6, '2024-01-23 22:30:00', '2024-01-24 23:30:00', 1, 280, 300, 0),
(1057, 'FL1057', 8, 6, '2024-01-24 07:30:00', '2024-01-24 08:30:00', 1, 290, 310, 0),
(1058, 'FL1058', 8, 6, '2024-01-25 21:30:00', '2024-01-25 22:30:00', 1, 300, 320, 0),
(1059, 'FL1059', 8, 6, '2024-01-26 16:30:00', '2024-01-26 17:30:00', 1, 310, 330, 0),
(1060, 'FL1060', 8, 6, '2024-01-27 21:30:00', '2024-01-27 22:30:00', 1, 320, 340, 0),
(1061, 'FL1061', 8, 6, '2024-01-28 02:30:00', '2024-01-28 03:30:00', 1, 330, 350, 0),
(1062, 'FL1062', 8, 6, '2024-01-29 18:30:00', '2024-01-29 19:30:00', 1, 340, 360, 0),
(1063, 'FL1063', 8, 6, '2024-01-30 13:30:00', '2024-01-30 14:30:00', 1, 350, 370, 0),
(1064, 'FL1064', 8, 6, '2024-01-31 17:30:00', '2024-01-31 18:30:00', 1, 360, 380, 0),
(1065, 'FL1065', 8, 9, '2024-01-09 10:30:00', '2024-01-09 11:30:00', 1, 120, 140, 0),
(1066, 'FL1066', 8, 9, '2024-01-10 19:30:00', '2024-01-10 20:30:00', 1, 130, 150, 0),
(1067, 'FL1067', 8, 9, '2024-01-11 00:30:00', '2024-01-11 01:30:00', 1, 140, 160, 0),
(1068, 'FL1068', 8, 9, '2024-01-12 05:30:00', '2024-01-12 06:30:00', 1, 150, 170, 0),
(1069, 'FL1069', 8, 9, '2024-01-12 21:30:00', '2024-01-12 22:30:00', 1, 160, 180, 0),
(1070, 'FL1070', 8, 9, '2024-01-13 16:30:00', '2024-01-13 17:30:00', 1, 170, 190, 0),
(1071, 'FL1071', 8, 9, '2024-01-14 20:30:00', '2024-01-14 21:30:00', 1, 180, 200, 0),
(1072, 'FL1072', 8, 9, '2024-01-15 01:30:00', '2024-01-15 02:30:00', 1, 190, 210, 0),
(1073, 'FL1073', 8, 9, '2024-01-16 06:30:00', '2024-01-16 07:30:00', 1, 200, 220, 0),
(1074, 'FL1074', 8, 9, '2024-01-16 22:30:00', '2024-01-16 23:30:00', 1, 210, 230, 0),
(1075, 'FL1075', 8, 9, '2024-01-17 17:30:00', '2024-01-17 18:30:00', 1, 220, 240, 0),
(1076, 'FL1076', 8, 9, '2024-01-18 20:30:00', '2024-01-18 21:30:00', 1, 230, 250, 0),
(1077, 'FL1077', 8, 9, '2024-01-19 01:30:00', '2024-01-19 02:30:00', 1, 240, 260, 0),
(1078, 'FL1078', 8, 9, '2024-01-20 18:30:00', '2024-01-20 19:30:00', 1, 250, 270, 0),
(1079, 'FL1079', 8, 9, '2024-01-21 13:30:00', '2024-01-21 14:30:00', 1, 260, 280, 0),
(1080, 'FL1080', 8, 9, '2024-01-22 17:30:00', '2024-01-22 18:30:00', 1, 270, 290, 0),
(1081, 'FL1081', 8, 9, '2024-01-23 22:30:00', '2024-01-24 23:30:00', 1, 280, 300, 0),
(1082, 'FL1082', 8, 9, '2024-01-24 07:30:00', '2024-01-24 08:30:00', 1, 290, 310, 0),
(1083, 'FL1083', 8, 9, '2024-01-25 21:30:00', '2024-01-25 22:30:00', 1, 300, 320, 0),
(1084, 'FL1084', 8, 9, '2024-01-26 16:30:00', '2024-01-26 17:30:00', 1, 310, 330, 0),
(1085, 'FL1085', 8, 9, '2024-01-27 21:30:00', '2024-01-27 22:30:00', 1, 320, 340, 0),
(1086, 'FL1086', 8, 9, '2024-01-28 02:30:00', '2024-01-28 03:30:00', 1, 330, 350, 0),
(1087, 'FL1087', 8, 9, '2024-01-29 18:30:00', '2024-01-29 19:30:00', 1, 340, 360, 0),
(1088, 'FL1088', 8, 9, '2024-01-30 13:30:00', '2024-01-30 14:30:00', 1, 350, 370, 0),
(1089, 'FL1089', 8, 9, '2024-01-31 17:30:00', '2024-01-31 18:30:00', 1, 360, 380, 0),
(1090, 'FL1090', 9, 8, '2024-01-09 10:30:00', '2024-01-09 11:30:00', 1, 120, 140, 0),
(1091, 'FL1091', 9, 8, '2024-01-10 19:30:00', '2024-01-10 20:30:00', 1, 130, 150, 0),
(1092, 'FL1092', 9, 8, '2024-01-11 00:30:00', '2024-01-11 01:30:00', 1, 140, 160, 0),
(1093, 'FL1093', 9, 8, '2024-01-12 05:30:00', '2024-01-12 06:30:00', 1, 150, 170, 0),
(1094, 'FL1094', 9, 8, '2024-01-12 21:30:00', '2024-01-12 22:30:00', 1, 160, 180, 0),
(1095, 'FL1095', 9, 8, '2024-01-13 16:30:00', '2024-01-13 17:30:00', 1, 170, 190, 0),
(1096, 'FL1096', 9, 8, '2024-01-14 20:30:00', '2024-01-14 21:30:00', 1, 180, 200, 0),
(1097, 'FL1097', 9, 8, '2024-01-15 01:30:00', '2024-01-15 02:30:00', 1, 190, 210, 0),
(1098, 'FL1098', 9, 8, '2024-01-16 06:30:00', '2024-01-16 07:30:00', 1, 200, 220, 0),
(1099, 'FL1099', 9, 8, '2024-01-16 22:30:00', '2024-01-16 23:30:00', 1, 210, 230, 0),
(1100, 'FL1100', 9, 8, '2024-01-17 17:30:00', '2024-01-17 18:30:00', 1, 220, 240, 0),
(1101, 'FL1101', 9, 8, '2024-01-18 20:30:00', '2024-01-18 21:30:00', 1, 230, 250, 0),
(1102, 'FL1102', 9, 8, '2024-01-19 01:30:00', '2024-01-19 02:30:00', 1, 240, 260, 0),
(1103, 'FL1103', 9, 8, '2024-01-20 18:30:00', '2024-01-20 19:30:00', 1, 250, 270, 0),
(1104, 'FL1104', 9, 8, '2024-01-21 13:30:00', '2024-01-21 14:30:00', 1, 260, 280, 0),
(1105, 'FL1105', 9, 8, '2024-01-22 17:30:00', '2024-01-22 18:30:00', 1, 270, 290, 0),
(1106, 'FL1106', 9, 8, '2024-01-23 22:30:00', '2024-01-24 23:30:00', 1, 280, 300, 0),
(1107, 'FL1107', 9, 8, '2024-01-24 07:30:00', '2024-01-24 08:30:00', 1, 290, 310, 0),
(1108, 'FL1108', 9, 8, '2024-01-25 21:30:00', '2024-01-25 22:30:00', 1, 300, 320, 0),
(1109, 'FL1109', 9, 8, '2024-01-26 16:30:00', '2024-01-26 17:30:00', 1, 310, 330, 0),
(1110, 'FL1110', 9, 8, '2024-01-27 21:30:00', '2024-01-27 22:30:00', 1, 320, 340, 0),
(1111, 'FL1111', 9, 8, '2024-01-28 02:30:00', '2024-01-28 03:30:00', 1, 330, 350, 0),
(1112, 'FL1112', 9, 8, '2024-01-29 18:30:00', '2024-01-29 19:30:00', 1, 340, 360, 0),
(1113, 'FL1113', 9, 8, '2024-01-30 13:30:00', '2024-01-30 14:30:00', 1, 350, 370, 0),
(1114, 'FL1114', 9, 8, '2024-01-31 17:30:00', '2024-01-31 18:30:00', 1, 360, 380, 0),
(1115, 'FL1115', 8, 10, '2024-01-09 10:30:00', '2024-01-09 11:30:00', 1, 120, 140, 0),
(1116, 'FL1116', 8, 10, '2024-01-10 19:30:00', '2024-01-10 20:30:00', 1, 130, 150, 0),
(1117, 'FL1117', 8, 10, '2024-01-11 00:30:00', '2024-01-11 01:30:00', 1, 140, 160, 0),
(1118, 'FL1118', 8, 10, '2024-01-12 05:30:00', '2024-01-12 06:30:00', 1, 150, 170, 0),
(1119, 'FL1119', 8, 10, '2024-01-12 21:30:00', '2024-01-12 22:30:00', 1, 160, 180, 0),
(1120, 'FL1120', 8, 10, '2024-01-13 16:30:00', '2024-01-13 17:30:00', 1, 170, 190, 0),
(1121, 'FL1121', 8, 10, '2024-01-14 20:30:00', '2024-01-14 21:30:00', 1, 180, 200, 0),
(1122, 'FL1122', 8, 10, '2024-01-15 01:30:00', '2024-01-15 02:30:00', 1, 190, 210, 0),
(1123, 'FL1123', 8, 10, '2024-01-16 06:30:00', '2024-01-16 07:30:00', 1, 200, 220, 0),
(1124, 'FL1124', 8, 10, '2024-01-16 22:30:00', '2024-01-16 23:30:00', 1, 210, 230, 0),
(1125, 'FL1125', 8, 10, '2024-01-17 17:30:00', '2024-01-17 18:30:00', 1, 220, 240, 0),
(1126, 'FL1126', 8, 10, '2024-01-18 20:30:00', '2024-01-18 21:30:00', 1, 230, 250, 0),
(1127, 'FL1127', 8, 10, '2024-01-19 01:30:00', '2024-01-19 02:30:00', 1, 240, 260, 0),
(1128, 'FL1128', 8, 10, '2024-01-20 18:30:00', '2024-01-20 19:30:00', 1, 250, 270, 0),
(1129, 'FL1129', 8, 10, '2024-01-21 13:30:00', '2024-01-21 14:30:00', 1, 260, 280, 0),
(1130, 'FL1130', 8, 10, '2024-01-22 17:30:00', '2024-01-22 18:30:00', 1, 270, 290, 0),
(1131, 'FL1131', 8, 10, '2024-01-23 22:30:00', '2024-01-24 23:30:00', 1, 280, 300, 0),
(1132, 'FL1132', 8, 10, '2024-01-24 07:30:00', '2024-01-24 08:30:00', 1, 290, 310, 0),
(1133, 'FL1133', 8, 10, '2024-01-25 21:30:00', '2024-01-25 22:30:00', 1, 300, 320, 0),
(1134, 'FL1134', 8, 10, '2024-01-26 16:30:00', '2024-01-26 17:30:00', 1, 310, 330, 0),
(1135, 'FL1135', 8, 10, '2024-01-27 21:30:00', '2024-01-27 22:30:00', 1, 320, 340, 0),
(1136, 'FL1136', 8, 10, '2024-01-28 02:30:00', '2024-01-28 03:30:00', 1, 330, 350, 0),
(1137, 'FL1137', 8, 10, '2024-01-29 18:30:00', '2024-01-29 19:30:00', 1, 340, 360, 0),
(1138, 'FL1138', 8, 10, '2024-01-30 13:30:00', '2024-01-30 14:30:00', 1, 350, 370, 0),
(1139, 'FL1139', 8, 10, '2024-01-31 17:30:00', '2024-01-31 18:30:00', 1, 360, 380, 0),
(1140, 'FL1140', 10, 8, '2024-01-09 10:30:00', '2024-01-09 11:30:00', 1, 120, 140, 0),
(1141, 'FL1141', 10, 8, '2024-01-10 19:30:00', '2024-01-10 20:30:00', 1, 130, 150, 0),
(1142, 'FL1142', 10, 8, '2024-01-11 00:30:00', '2024-01-11 01:30:00', 1, 140, 160, 0),
(1143, 'FL1143', 10, 8, '2024-01-12 05:30:00', '2024-01-12 06:30:00', 1, 150, 170, 0),
(1144, 'FL1144', 10, 8, '2024-01-12 21:30:00', '2024-01-12 22:30:00', 1, 160, 180, 0),
(1145, 'FL1145', 10, 8, '2024-01-13 16:30:00', '2024-01-13 17:30:00', 1, 170, 190, 0),
(1146, 'FL1146', 10, 8, '2024-01-14 20:30:00', '2024-01-14 21:30:00', 1, 180, 200, 0),
(1147, 'FL1147', 10, 8, '2024-01-15 01:30:00', '2024-01-15 02:30:00', 1, 190, 210, 0),
(1148, 'FL1148', 10, 8, '2024-01-16 06:30:00', '2024-01-16 07:30:00', 1, 200, 220, 0),
(1149, 'FL1149', 10, 8, '2024-01-16 22:30:00', '2024-01-16 23:30:00', 1, 210, 230, 0),
(1150, 'FL1150', 10, 8, '2024-01-17 17:30:00', '2024-01-17 18:30:00', 1, 220, 240, 0),
(1151, 'FL1151', 10, 8, '2024-01-18 20:30:00', '2024-01-18 21:30:00', 1, 230, 250, 0),
(1152, 'FL1152', 10, 8, '2024-01-19 01:30:00', '2024-01-19 02:30:00', 1, 240, 260, 0),
(1153, 'FL1153', 10, 8, '2024-01-20 18:30:00', '2024-01-20 19:30:00', 1, 250, 270, 0),
(1154, 'FL1154', 10, 8, '2024-01-21 13:30:00', '2024-01-21 14:30:00', 1, 260, 280, 0),
(1155, 'FL1155', 10, 8, '2024-01-22 17:30:00', '2024-01-22 18:30:00', 1, 270, 290, 0),
(1156, 'FL1156', 10, 8, '2024-01-23 22:30:00', '2024-01-24 23:30:00', 1, 280, 300, 0),
(1157, 'FL1157', 10, 8, '2024-01-24 07:30:00', '2024-01-24 08:30:00', 1, 290, 310, 0),
(1158, 'FL1158', 10, 8, '2024-01-25 21:30:00', '2024-01-25 22:30:00', 1, 300, 320, 0),
(1159, 'FL1159', 10, 8, '2024-01-26 16:30:00', '2024-01-26 17:30:00', 1, 310, 330, 0),
(1160, 'FL1160', 10, 8, '2024-01-27 21:30:00', '2024-01-27 22:30:00', 1, 320, 340, 0),
(1161, 'FL1161', 10, 8, '2024-01-28 02:30:00', '2024-01-28 03:30:00', 1, 330, 350, 0),
(1162, 'FL1162', 10, 8, '2024-01-29 18:30:00', '2024-01-29 19:30:00', 1, 340, 360, 0),
(1163, 'FL1163', 10, 8, '2024-01-30 13:30:00', '2024-01-30 14:30:00', 1, 350, 370, 0),
(1164, 'FL1164', 10, 8, '2024-01-31 17:30:00', '2024-01-31 18:30:00', 1, 360, 380, 0),
(1165, 'FL1165', 9, 2, '2024-01-09 11:30:00', '2024-01-09 12:30:00', 2, 140, 160, 0),
(1166, 'FL1166', 9, 2, '2024-01-10 20:30:00', '2024-01-10 21:30:00', 2, 150, 170, 0),
(1167, 'FL1167', 9, 2, '2024-01-11 01:30:00', '2024-01-11 02:30:00', 2, 160, 180, 0),
(1168, 'FL1168', 9, 2, '2024-01-12 06:30:00', '2024-01-12 07:30:00', 2, 170, 190, 0),
(1169, 'FL1169', 9, 2, '2024-01-12 22:30:00', '2024-01-12 23:30:00', 2, 180, 200, 0),
(1170, 'FL1170', 9, 2, '2024-01-13 17:30:00', '2024-01-13 18:30:00', 2, 190, 210, 0),
(1171, 'FL1171', 9, 2, '2024-01-14 21:30:00', '2024-01-14 22:30:00', 2, 200, 220, 0),
(1172, 'FL1172', 9, 2, '2024-01-15 02:30:00', '2024-01-15 03:30:00', 2, 210, 230, 0),
(1173, 'FL1173', 9, 2, '2024-01-16 07:30:00', '2024-01-16 08:30:00', 2, 220, 240, 0),
(1174, 'FL1174', 9, 2, '2024-01-16 23:30:00', '2024-01-17 00:30:00', 2, 230, 250, 0),
(1175, 'FL1175', 9, 2, '2024-01-17 18:30:00', '2024-01-17 19:30:00', 2, 240, 260, 0),
(1176, 'FL1176', 9, 2, '2024-01-18 21:30:00', '2024-01-18 22:30:00', 2, 250, 270, 0),
(1177, 'FL1177', 9, 2, '2024-01-19 02:30:00', '2024-01-19 03:30:00', 2, 260, 280, 0),
(1178, 'FL1178', 9, 2, '2024-01-20 19:30:00', '2024-01-20 20:30:00', 2, 270, 290, 0),
(1179, 'FL1179', 9, 2, '2024-01-21 14:30:00', '2024-01-21 15:30:00', 2, 280, 300, 0),
(1180, 'FL1180', 9, 2, '2024-01-22 18:30:00', '2024-01-22 19:30:00', 2, 290, 310, 0),
(1181, 'FL1181', 9, 2, '2024-01-23 23:30:00', '2024-01-24 00:30:00', 2, 300, 320, 0),
(1182, 'FL1182', 9, 2, '2024-01-24 08:30:00', '2024-01-24 09:30:00', 2, 310, 330, 0),
(1183, 'FL1183', 9, 2, '2024-01-25 22:30:00', '2024-01-25 23:30:00', 2, 320, 340, 0),
(1184, 'FL1184', 9, 2, '2024-01-26 17:30:00', '2024-01-26 18:30:00', 2, 330, 350, 0),
(1185, 'FL1185', 9, 2, '2024-01-27 22:30:00', '2024-01-28 23:30:00', 2, 340, 360, 0),
(1186, 'FL1186', 9, 2, '2024-01-28 03:30:00', '2024-01-28 04:30:00', 2, 350, 370, 0),
(1187, 'FL1187', 9, 2, '2024-01-29 19:30:00', '2024-01-29 20:30:00', 2, 360, 380, 0),
(1188, 'FL1188', 9, 2, '2024-01-30 14:30:00', '2024-01-30 15:30:00', 2, 370, 390, 0),
(1189, 'FL1189', 9, 2, '2024-01-31 18:30:00', '2024-01-31 19:30:00', 2, 380, 400, 0),
(1190, 'FL1190', 2, 9, '2024-01-09 11:30:00', '2024-01-09 12:30:00', 2, 140, 160, 0),
(1191, 'FL1191', 2, 9, '2024-01-10 20:30:00', '2024-01-10 21:30:00', 2, 150, 170, 0),
(1192, 'FL1192', 2, 9, '2024-01-11 01:30:00', '2024-01-11 02:30:00', 2, 160, 180, 0),
(1193, 'FL1193', 2, 9, '2024-01-12 06:30:00', '2024-01-12 07:30:00', 2, 170, 190, 0),
(1194, 'FL1194', 2, 9, '2024-01-12 22:30:00', '2024-01-12 23:30:00', 2, 180, 200, 0),
(1195, 'FL1195', 2, 9, '2024-01-13 17:30:00', '2024-01-13 18:30:00', 2, 190, 210, 0),
(1196, 'FL1196', 2, 9, '2024-01-14 21:30:00', '2024-01-14 22:30:00', 2, 200, 220, 0),
(1197, 'FL1197', 2, 9, '2024-01-15 02:30:00', '2024-01-15 03:30:00', 2, 210, 230, 0),
(1198, 'FL1198', 2, 9, '2024-01-16 07:30:00', '2024-01-16 08:30:00', 2, 220, 240, 0),
(1199, 'FL1199', 2, 9, '2024-01-16 23:30:00', '2024-01-17 00:30:00', 2, 230, 250, 0),
(1200, 'FL1200', 2, 9, '2024-01-17 18:30:00', '2024-01-17 19:30:00', 2, 240, 260, 0),
(1201, 'FL1201', 2, 9, '2024-01-18 21:30:00', '2024-01-18 22:30:00', 2, 250, 270, 0),
(1202, 'FL1202', 2, 9, '2024-01-19 02:30:00', '2024-01-19 03:30:00', 2, 260, 280, 0),
(1203, 'FL1203', 2, 9, '2024-01-20 19:30:00', '2024-01-20 20:30:00', 2, 270, 290, 0),
(1204, 'FL1204', 2, 9, '2024-01-21 14:30:00', '2024-01-21 15:30:00', 2, 280, 300, 0),
(1205, 'FL1205', 2, 9, '2024-01-22 18:30:00', '2024-01-22 19:30:00', 2, 290, 310, 0),
(1206, 'FL1206', 2, 9, '2024-01-23 23:30:00', '2024-01-24 00:30:00', 2, 200, 320, 0),
(1207, 'FL1207', 2, 9, '2024-01-24 08:30:00', '2024-01-24 09:30:00', 2, 210, 330, 0),
(1208, 'FL1208', 2, 9, '2024-01-25 22:30:00', '2024-01-25 23:30:00', 2, 220, 340, 0),
(1209, 'FL1209', 2, 9, '2024-01-26 17:30:00', '2024-01-26 18:30:00', 2, 230, 350, 0),
(1210, 'FL1210', 2, 9, '2024-01-27 22:30:00', '2024-01-28 23:30:00', 2, 240, 360, 0),
(1211, 'FL1211', 2, 9, '2024-01-28 03:30:00', '2024-01-28 04:30:00', 2, 250, 370, 0),
(1212, 'FL1212', 2, 9, '2024-01-29 19:30:00', '2024-01-29 20:30:00', 2, 260, 380, 0),
(1213, 'FL1213', 2, 9, '2024-01-30 14:30:00', '2024-01-29 16:30:00', 2, 260, 380, 0),
(1214, 'FL1214', 2, 9, '2024-01-31 16:30:00', '2024-01-29 17:30:00', 2, 260, 380, 0),
(1215, 'FL1215', 9, 3, '2024-01-09 12:45:00', '2024-01-09 13:45:00', 3, 160, 180, 0),
(1216, 'FL1216', 9, 3, '2024-01-10 21:45:00', '2024-01-10 22:45:00', 3, 170, 190, 0),
(1217, 'FL1217', 9, 3, '2024-01-11 02:45:00', '2024-01-11 03:45:00', 3, 180, 200, 0),
(1218, 'FL1218', 9, 3, '2024-01-12 07:45:00', '2024-01-12 08:45:00', 3, 190, 210, 0);
INSERT INTO `fluturimet` (`fluturimi_id`, `numri_fluturimit`, `aeroporti_nisjes_id`, `aeroporti_destinacionit_id`, `ora_e_nisjes`, `ora_e_mberritjes`, `avioni_id`, `cmime_ekonomik`, `cmime_first`, `vende_te_lira`) VALUES
(1219, 'FL1219', 9, 3, '2024-01-12 23:45:00', '2024-01-13 00:45:00', 3, 200, 220, 0),
(1220, 'FL1220', 9, 3, '2024-01-13 18:45:00', '2024-01-13 19:45:00', 3, 210, 230, 0),
(1221, 'FL1221', 9, 3, '2024-01-14 22:45:00', '2024-01-14 23:45:00', 3, 220, 240, 0),
(1222, 'FL1222', 9, 3, '2024-01-15 03:45:00', '2024-01-15 04:45:00', 3, 230, 250, 0),
(1223, 'FL1223', 9, 3, '2024-01-16 08:45:00', '2024-01-16 09:45:00', 3, 240, 260, 0),
(1224, 'FL1224', 9, 3, '2024-01-16 23:45:00', '2024-01-17 00:45:00', 3, 250, 270, 0),
(1225, 'FL1225', 9, 3, '2024-01-17 18:45:00', '2024-01-17 19:45:00', 3, 260, 280, 0),
(1226, 'FL1226', 9, 3, '2024-01-18 21:45:00', '2024-01-18 22:45:00', 3, 270, 290, 0),
(1227, 'FL1227', 9, 3, '2024-01-19 03:45:00', '2024-01-19 04:45:00', 3, 280, 300, 0),
(1228, 'FL1228', 9, 3, '2024-01-20 20:45:00', '2024-01-20 21:45:00', 3, 290, 310, 0),
(1229, 'FL1229', 9, 3, '2024-01-21 15:45:00', '2024-01-21 16:45:00', 3, 300, 320, 0),
(1230, 'FL1230', 9, 3, '2024-01-22 19:45:00', '2024-01-22 20:45:00', 3, 310, 330, 0),
(1231, 'FL1231', 9, 3, '2024-01-23 00:45:00', '2024-01-23 01:45:00', 3, 320, 340, 0),
(1232, 'FL1232', 9, 3, '2024-01-24 09:45:00', '2024-01-24 10:45:00', 3, 330, 350, 0),
(1233, 'FL1233', 9, 3, '2024-01-24 23:45:00', '2024-01-25 00:45:00', 3, 340, 360, 0),
(1234, 'FL1234', 9, 3, '2024-01-25 18:45:00', '2024-01-25 19:45:00', 3, 350, 370, 0),
(1235, 'FL1235', 9, 3, '2024-01-26 22:45:00', '2024-01-26 23:45:00', 3, 360, 380, 0),
(1236, 'FL1236', 9, 3, '2024-01-27 03:45:00', '2024-01-27 04:45:00', 3, 370, 390, 0),
(1237, 'FL1237', 9, 3, '2024-01-28 20:45:00', '2024-01-28 21:45:00', 3, 380, 400, 0),
(1238, 'FL1238', 9, 3, '2024-01-29 15:45:00', '2024-01-29 16:45:00', 3, 390, 410, 0),
(1239, 'FL1239', 9, 3, '2024-01-30 19:45:00', '2024-01-30 20:45:00', 3, 400, 420, 0),
(1240, 'FL1240', 9, 3, '2024-01-31 04:45:00', '2024-01-31 05:45:00', 3, 410, 430, 0),
(1241, 'FL1241', 3, 9, '2024-01-09 16:30:00', '2024-01-09 17:30:00', 3, 150, 170, 0),
(1242, 'FL1242', 3, 9, '2024-01-10 01:30:00', '2024-01-10 02:30:00', 3, 160, 180, 0),
(1243, 'FL1243', 3, 9, '2024-01-11 06:30:00', '2024-01-11 07:30:00', 3, 170, 190, 0),
(1244, 'FL1244', 3, 9, '2024-01-11 22:30:00', '2024-01-11 23:30:00', 3, 180, 200, 0),
(1245, 'FL1245', 3, 9, '2024-01-12 17:30:00', '2024-01-12 18:30:00', 3, 190, 210, 0),
(1246, 'FL1246', 3, 9, '2024-01-13 21:30:00', '2024-01-13 22:30:00', 3, 200, 220, 0),
(1247, 'FL1247', 3, 9, '2024-01-14 02:30:00', '2024-01-14 03:30:00', 3, 210, 230, 0),
(1248, 'FL1248', 3, 9, '2024-01-15 07:30:00', '2024-01-15 08:30:00', 3, 220, 240, 0),
(1249, 'FL1249', 3, 9, '2024-01-15 23:30:00', '2024-01-16 00:30:00', 3, 230, 250, 0),
(1250, 'FL1250', 3, 9, '2024-01-16 18:30:00', '2024-01-16 19:30:00', 3, 240, 260, 0),
(1251, 'FL1251', 3, 9, '2024-01-17 21:30:00', '2024-01-17 22:30:00', 3, 250, 270, 0),
(1252, 'FL1252', 3, 9, '2024-01-18 02:30:00', '2024-01-18 03:30:00', 3, 260, 280, 0),
(1253, 'FL1253', 3, 9, '2024-01-19 19:30:00', '2024-01-19 20:30:00', 3, 270, 290, 0),
(1254, 'FL1254', 3, 9, '2024-01-20 14:30:00', '2024-01-20 15:30:00', 3, 280, 300, 0),
(1255, 'FL1255', 3, 9, '2024-01-21 18:30:00', '2024-01-21 19:30:00', 3, 290, 310, 0),
(1256, 'FL1256', 3, 9, '2024-01-22 23:30:00', '2024-01-23 00:30:00', 3, 300, 320, 0),
(1257, 'FL1257', 3, 9, '2024-01-23 08:30:00', '2024-01-23 09:30:00', 3, 310, 330, 0),
(1258, 'FL1258', 3, 9, '2024-01-24 22:30:00', '2024-01-24 23:30:00', 3, 320, 340, 0),
(1259, 'FL1259', 3, 9, '2024-01-25 17:30:00', '2024-01-25 18:30:00', 3, 330, 350, 0),
(1260, 'FL1260', 3, 9, '2024-01-26 22:30:00', '2024-01-26 23:30:00', 3, 340, 360, 0),
(1261, 'FL1261', 3, 9, '2024-01-27 03:30:00', '2024-01-27 04:30:00', 3, 350, 370, 0),
(1262, 'FL1262', 3, 9, '2024-01-28 18:30:00', '2024-01-28 19:30:00', 3, 360, 380, 0),
(1263, 'FL1263', 3, 9, '2024-01-29 13:30:00', '2024-01-29 14:30:00', 3, 370, 390, 0),
(1264, 'FL1264', 3, 9, '2024-01-30 17:30:00', '2024-01-30 18:30:00', 3, 380, 400, 0),
(1265, 'FL1265', 3, 9, '2024-01-31 22:30:00', '2024-01-31 23:30:00', 3, 390, 410, 0),
(1266, 'FL1266', 4, 9, '2024-01-09 11:30:00', '2024-01-09 12:30:00', 3, 160, 180, 0),
(1267, 'FL1267', 4, 9, '2024-01-10 20:30:00', '2024-01-10 21:30:00', 3, 170, 190, 0),
(1268, 'FL1268', 4, 9, '2024-01-11 01:30:00', '2024-01-11 02:30:00', 3, 180, 200, 0),
(1269, 'FL1269', 4, 9, '2024-01-12 06:30:00', '2024-01-12 07:30:00', 3, 190, 210, 0),
(1270, 'FL1270', 4, 9, '2024-01-12 22:30:00', '2024-01-13 23:30:00', 3, 200, 220, 0),
(1271, 'FL1271', 4, 9, '2024-01-13 17:30:00', '2024-01-13 18:30:00', 3, 210, 230, 0),
(1272, 'FL1272', 4, 9, '2024-01-14 21:30:00', '2024-01-14 22:30:00', 3, 220, 240, 0),
(1273, 'FL1273', 4, 9, '2024-01-15 02:30:00', '2024-01-15 03:30:00', 3, 230, 250, 0),
(1274, 'FL1274', 4, 9, '2024-01-16 07:30:00', '2024-01-16 08:30:00', 3, 240, 260, 0),
(1275, 'FL1275', 4, 9, '2024-01-16 22:30:00', '2024-01-17 23:30:00', 3, 250, 270, 0),
(1276, 'FL1276', 4, 9, '2024-01-17 17:30:00', '2024-01-17 18:30:00', 3, 260, 280, 0),
(1277, 'FL1277', 4, 9, '2024-01-18 20:30:00', '2024-01-18 21:30:00', 3, 270, 290, 0),
(1278, 'FL1278', 4, 9, '2024-01-19 01:30:00', '2024-01-19 02:30:00', 3, 280, 300, 0),
(1279, 'FL1279', 4, 9, '2024-01-20 18:30:00', '2024-01-20 19:30:00', 3, 270, 290, 0),
(1280, 'FL1280', 4, 9, '2024-01-21 13:30:00', '2024-01-21 14:30:00', 3, 200, 220, 0),
(1281, 'FL1281', 4, 9, '2024-01-22 17:30:00', '2024-01-22 18:30:00', 3, 210, 230, 0),
(1282, 'FL1282', 4, 9, '2024-01-23 00:30:00', '2024-01-23 01:30:00', 3, 120, 240, 0),
(1283, 'FL1283', 4, 9, '2024-01-24 08:30:00', '2024-01-24 09:30:00', 3, 230, 250, 0),
(1284, 'FL1284', 4, 9, '2024-01-24 22:30:00', '2024-01-25 23:30:00', 3, 240, 260, 0),
(1285, 'FL1285', 4, 9, '2024-01-25 17:30:00', '2024-01-25 18:30:00', 3, 250, 270, 0),
(1286, 'FL1286', 4, 9, '2024-01-26 21:30:00', '2024-01-26 22:30:00', 3, 260, 280, 0),
(1287, 'FL1287', 4, 9, '2024-01-27 02:30:00', '2024-01-27 03:30:00', 3, 270, 290, 0),
(1288, 'FL1288', 4, 9, '2024-01-28 17:30:00', '2024-01-28 18:30:00', 3, 180, 200, 0),
(1289, 'FL1289', 4, 9, '2024-01-29 12:30:00', '2024-01-29 13:30:00', 3, 190, 210, 0),
(1290, 'FL1290', 4, 9, '2024-01-30 16:30:00', '2024-01-30 17:30:00', 3, 200, 220, 0),
(1291, 'FL1291', 4, 9, '2024-01-31 21:30:00', '2024-01-31 22:30:00', 3, 210, 230, 0),
(1292, 'FL1292', 9, 4, '2024-01-09 14:30:00', '2024-01-09 15:30:00', 3, 170, 190, 0),
(1293, 'FL1293', 9, 4, '2024-01-10 23:30:00', '2024-01-11 00:30:00', 3, 180, 200, 0),
(1294, 'FL1294', 9, 4, '2024-01-11 04:30:00', '2024-01-11 05:30:00', 3, 190, 210, 0),
(1295, 'FL1295', 9, 4, '2024-01-12 09:30:00', '2024-01-12 10:30:00', 3, 200, 220, 0),
(1296, 'FL1296', 9, 4, '2024-01-12 01:30:00', '2024-01-13 02:30:00', 3, 210, 230, 0),
(1297, 'FL1297', 9, 4, '2024-01-13 20:30:00', '2024-01-13 21:30:00', 3, 220, 240, 0),
(1298, 'FL1298', 9, 4, '2024-01-14 00:30:00', '2024-01-14 01:30:00', 3, 230, 250, 0),
(1299, 'FL1299', 9, 4, '2024-01-15 05:30:00', '2024-01-15 06:30:00', 3, 240, 260, 0),
(1300, 'FL1300', 9, 4, '2024-01-15 20:30:00', '2024-01-16 21:30:00', 3, 250, 270, 0),
(1301, 'FL1301', 9, 4, '2024-01-16 15:30:00', '2024-01-16 16:30:00', 3, 260, 280, 0),
(1302, 'FL1302', 9, 4, '2024-01-17 18:30:00', '2024-01-17 19:30:00', 3, 270, 290, 0),
(1303, 'FL1303', 9, 4, '2024-01-18 03:30:00', '2024-01-18 04:30:00', 3, 280, 300, 0),
(1304, 'FL1304', 9, 4, '2024-01-19 20:30:00', '2024-01-19 21:30:00', 3, 290, 310, 0),
(1305, 'FL1305', 9, 4, '2024-01-20 15:30:00', '2024-01-20 16:30:00', 3, 200, 220, 0),
(1306, 'FL1306', 9, 4, '2024-01-21 19:30:00', '2024-01-21 20:30:00', 3, 210, 230, 0),
(1307, 'FL1307', 9, 4, '2024-01-22 00:30:00', '2024-01-22 01:30:00', 3, 220, 240, 0),
(1308, 'FL1308', 9, 4, '2024-01-23 09:30:00', '2024-01-23 10:30:00', 3, 230, 250, 0),
(1309, 'FL1309', 9, 4, '2024-01-23 23:30:00', '2024-01-24 00:30:00', 3, 240, 260, 0),
(1310, 'FL1310', 9, 4, '2024-01-24 18:30:00', '2024-01-24 19:30:00', 3, 250, 270, 0),
(1311, 'FL1311', 9, 4, '2024-01-25 21:30:00', '2024-01-25 22:30:00', 3, 260, 280, 0),
(1312, 'FL1312', 9, 4, '2024-01-26 02:30:00', '2024-01-26 03:30:00', 3, 270, 290, 0),
(1313, 'FL1313', 9, 4, '2024-01-27 17:30:00', '2024-01-27 18:30:00', 3, 280, 300, 0),
(1314, 'FL1314', 9, 4, '2024-01-28 12:30:00', '2024-01-28 13:30:00', 3, 190, 210, 0),
(1315, 'FL1315', 9, 4, '2024-01-29 16:30:00', '2024-01-29 17:30:00', 3, 200, 220, 0),
(1316, 'FL1316', 9, 4, '2024-01-30 21:30:00', '2024-01-30 22:30:00', 3, 210, 230, 0),
(1317, 'FL1317', 9, 4, '2024-01-31 14:30:00', '2024-01-31 15:30:00', 3, 220, 240, 0),
(1318, 'FL1318', 6, 9, '2024-01-09 13:30:00', '2024-01-09 14:30:00', 3, 150, 170, 0),
(1319, 'FL1319', 6, 9, '2024-01-10 22:30:00', '2024-01-10 23:30:00', 3, 160, 180, 0),
(1320, 'FL1320', 6, 9, '2024-01-11 03:30:00', '2024-01-11 04:30:00', 3, 170, 190, 0),
(1321, 'FL1321', 6, 9, '2024-01-12 08:30:00', '2024-01-12 09:30:00', 3, 180, 200, 0),
(1322, 'FL1322', 6, 9, '2024-01-12 23:30:00', '2024-01-13 00:30:00', 3, 190, 210, 0),
(1323, 'FL1323', 6, 9, '2024-01-13 18:30:00', '2024-01-13 19:30:00', 3, 200, 220, 0),
(1324, 'FL1324', 6, 9, '2024-01-14 22:30:00', '2024-01-14 23:30:00', 3, 210, 230, 0),
(1325, 'FL1325', 6, 9, '2024-01-15 05:30:00', '2024-01-15 06:30:00', 3, 220, 240, 0),
(1326, 'FL1326', 6, 9, '2024-01-15 20:30:00', '2024-01-16 21:30:00', 3, 230, 250, 0),
(1327, 'FL1327', 6, 9, '2024-01-16 15:30:00', '2024-01-16 16:30:00', 3, 240, 260, 0),
(1328, 'FL1328', 6, 9, '2024-01-17 18:30:00', '2024-01-17 19:30:00', 3, 250, 270, 0),
(1329, 'FL1329', 6, 9, '2024-01-18 03:30:00', '2024-01-18 04:30:00', 3, 260, 280, 0),
(1330, 'FL1330', 6, 9, '2024-01-19 20:30:00', '2024-01-19 21:30:00', 3, 270, 290, 0),
(1331, 'FL1331', 6, 9, '2024-01-20 15:30:00', '2024-01-20 16:30:00', 3, 280, 300, 0),
(1332, 'FL1332', 6, 9, '2024-01-21 19:30:00', '2024-01-21 20:30:00', 3, 250, 270, 0),
(1333, 'FL1333', 6, 9, '2024-01-22 00:30:00', '2024-01-22 01:30:00', 3, 200, 230, 0),
(1334, 'FL1334', 6, 9, '2024-01-23 09:30:00', '2024-01-23 10:30:00', 3, 210, 230, 0),
(1335, 'FL1335', 6, 9, '2024-01-23 23:30:00', '2024-01-24 00:30:00', 3, 220, 240, 0),
(1336, 'FL1336', 6, 9, '2024-01-24 18:30:00', '2024-01-24 19:30:00', 3, 230, 270, 0),
(1337, 'FL1337', 6, 9, '2024-01-25 21:30:00', '2024-01-25 22:30:00', 3, 200, 260, 0),
(1338, 'FL1338', 6, 9, '2024-01-26 02:30:00', '2024-01-26 03:30:00', 3, 250, 270, 0),
(1339, 'FL1339', 6, 9, '2024-01-27 17:30:00', '2024-01-27 18:30:00', 3, 260, 280, 0),
(1340, 'FL1340', 6, 9, '2024-01-28 12:30:00', '2024-01-28 13:30:00', 3, 270, 290, 0),
(1341, 'FL1341', 6, 9, '2024-01-29 16:30:00', '2024-01-29 17:30:00', 3, 180, 200, 0),
(1342, 'FL1342', 6, 9, '2024-01-30 21:30:00', '2024-01-30 22:30:00', 3, 290, 310, 0),
(1343, 'FL1343', 6, 9, '2024-01-31 14:30:00', '2024-01-31 15:30:00', 3, 300, 320, 0),
(1344, 'FL1344', 9, 6, '2024-01-09 16:30:00', '2024-01-09 17:30:00', 3, 150, 170, 0),
(1345, 'FL1345', 9, 6, '2024-01-10 01:30:00', '2024-01-10 02:30:00', 3, 160, 180, 0),
(1346, 'FL1346', 9, 6, '2024-01-11 06:30:00', '2024-01-11 07:30:00', 3, 170, 190, 0),
(1347, 'FL1347', 9, 6, '2024-01-12 11:30:00', '2024-01-12 12:30:00', 3, 180, 200, 0),
(1348, 'FL1348', 9, 6, '2024-01-12 04:30:00', '2024-01-13 05:30:00', 3, 190, 210, 0),
(1349, 'FL1349', 9, 6, '2024-01-13 21:30:00', '2024-01-13 22:30:00', 3, 200, 220, 0),
(1350, 'FL1350', 9, 6, '2024-01-14 01:30:00', '2024-01-14 02:30:00', 3, 210, 230, 0),
(1351, 'FL1351', 9, 6, '2024-01-15 06:30:00', '2024-01-15 07:30:00', 3, 220, 240, 0),
(1352, 'FL1352', 9, 6, '2024-01-15 21:30:00', '2024-01-16 22:30:00', 3, 230, 250, 0),
(1353, 'FL1353', 9, 6, '2024-01-16 16:30:00', '2024-01-16 17:30:00', 3, 240, 260, 0),
(1354, 'FL1354', 9, 6, '2024-01-17 19:30:00', '2024-01-17 20:30:00', 3, 250, 270, 0),
(1355, 'FL1355', 9, 6, '2024-01-18 04:30:00', '2024-01-18 05:30:00', 3, 260, 280, 0),
(1356, 'FL1356', 9, 6, '2024-01-19 21:30:00', '2024-01-19 22:30:00', 3, 270, 290, 0),
(1357, 'FL1357', 9, 6, '2024-01-20 16:30:00', '2024-01-20 17:30:00', 3, 280, 300, 0),
(1358, 'FL1358', 9, 6, '2024-01-21 20:30:00', '2024-01-21 21:30:00', 3, 290, 310, 0),
(1359, 'FL1359', 9, 6, '2024-01-22 01:30:00', '2024-01-22 02:30:00', 3, 200, 220, 0),
(1360, 'FL1360', 9, 6, '2024-01-23 08:30:00', '2024-01-23 09:30:00', 3, 210, 230, 0),
(1361, 'FL1361', 9, 6, '2024-01-23 22:30:00', '2024-01-24 23:30:00', 3, 220, 240, 0),
(1362, 'FL1362', 9, 6, '2024-01-24 17:30:00', '2024-01-24 18:30:00', 3, 230, 250, 0),
(1363, 'FL1363', 9, 6, '2024-01-25 20:30:00', '2024-01-25 21:30:00', 3, 240, 260, 0),
(1364, 'FL1364', 9, 6, '2024-01-26 00:30:00', '2024-01-26 01:30:00', 3, 250, 270, 0),
(1365, 'FL1365', 9, 6, '2024-01-27 15:30:00', '2024-01-27 16:30:00', 3, 260, 280, 0),
(1366, 'FL1366', 9, 6, '2024-01-28 10:30:00', '2024-01-28 11:30:00', 3, 270, 290, 0),
(1367, 'FL1367', 9, 6, '2024-01-29 14:30:00', '2024-01-29 15:30:00', 3, 280, 300, 0),
(1368, 'FL1368', 9, 6, '2024-01-30 19:30:00', '2024-01-30 20:30:00', 3, 290, 310, 0),
(1369, 'FL1369', 9, 6, '2024-01-31 12:30:00', '2024-01-31 13:30:00', 3, 300, 320, 0),
(1370, 'FL1370', 10, 2, '2024-01-09 11:30:00', '2024-01-09 12:30:00', 3, 130, 150, 0),
(1371, 'FL1371', 10, 2, '2024-01-10 20:30:00', '2024-01-10 21:30:00', 3, 140, 160, 0),
(1372, 'FL1372', 10, 2, '2024-01-11 01:30:00', '2024-01-11 02:30:00', 3, 150, 170, 0),
(1373, 'FL1373', 10, 2, '2024-01-12 06:30:00', '2024-01-12 07:30:00', 3, 160, 180, 0),
(1374, 'FL1374', 10, 2, '2024-01-12 21:30:00', '2024-01-13 22:30:00', 3, 170, 190, 0),
(1375, 'FL1375', 10, 2, '2024-01-13 16:30:00', '2024-01-13 17:30:00', 3, 180, 200, 0),
(1376, 'FL1376', 10, 2, '2024-01-14 20:30:00', '2024-01-14 21:30:00', 3, 190, 210, 0),
(1377, 'FL1377', 10, 2, '2024-01-15 03:30:00', '2024-01-15 04:30:00', 3, 200, 220, 0),
(1378, 'FL1378', 10, 2, '2024-01-15 18:30:00', '2024-01-16 19:30:00', 3, 210, 230, 0),
(1379, 'FL1379', 10, 2, '2024-01-16 13:30:00', '2024-01-16 14:30:00', 3, 220, 240, 0),
(1380, 'FL1380', 10, 2, '2024-01-17 16:30:00', '2024-01-17 17:30:00', 3, 230, 250, 0),
(1381, 'FL1381', 10, 2, '2024-01-18 01:30:00', '2024-01-18 02:30:00', 3, 240, 260, 0),
(1382, 'FL1382', 10, 2, '2024-01-19 18:30:00', '2024-01-19 19:30:00', 3, 250, 270, 0),
(1383, 'FL1383', 10, 2, '2024-01-20 13:30:00', '2024-01-20 14:30:00', 3, 260, 280, 0),
(1384, 'FL1384', 10, 2, '2024-01-21 17:30:00', '2024-01-21 18:30:00', 3, 270, 290, 0),
(1385, 'FL1385', 10, 2, '2024-01-22 22:30:00', '2024-01-23 23:30:00', 3, 280, 300, 0),
(1386, 'FL1386', 10, 2, '2024-01-23 07:30:00', '2024-01-24 08:30:00', 3, 290, 310, 0),
(1387, 'FL1387', 10, 2, '2024-01-24 02:30:00', '2024-01-24 03:30:00', 3, 300, 320, 0),
(1388, 'FL1388', 10, 2, '2024-01-25 05:30:00', '2024-01-25 06:30:00', 3, 310, 330, 0),
(1389, 'FL1389', 10, 2, '2024-01-26 10:30:00', '2024-01-26 11:30:00', 3, 320, 340, 0),
(1390, 'FL1390', 10, 2, '2024-01-27 14:30:00', '2024-01-27 15:30:00', 3, 330, 350, 0),
(1391, 'FL1391', 10, 2, '2024-01-28 19:30:00', '2024-01-28 20:30:00', 3, 340, 360, 0),
(1392, 'FL1392', 10, 2, '2024-01-29 04:30:00', '2024-01-29 05:30:00', 3, 350, 370, 0),
(1393, 'FL1393', 10, 2, '2024-01-30 23:30:00', '2024-01-31 00:30:00', 3, 360, 380, 0),
(1394, 'FL1394', 10, 2, '2024-01-31 08:30:00', '2024-01-31 09:30:00', 3, 370, 390, 0),
(1395, 'FL1395', 2, 10, '2024-01-09 14:30:00', '2024-01-09 15:30:00', 3, 130, 150, 0),
(1396, 'FL1396', 2, 10, '2024-01-10 23:30:00', '2024-01-11 00:30:00', 3, 140, 160, 0),
(1397, 'FL1397', 2, 10, '2024-01-11 04:30:00', '2024-01-11 05:30:00', 3, 150, 170, 0),
(1398, 'FL1398', 2, 10, '2024-01-12 09:30:00', '2024-01-12 10:30:00', 3, 160, 180, 0),
(1399, 'FL1399', 2, 10, '2024-01-12 23:30:00', '2024-01-13 00:30:00', 3, 170, 190, 0),
(1400, 'FL1400', 2, 10, '2024-01-13 18:30:00', '2024-01-13 19:30:00', 3, 180, 200, 0),
(1401, 'FL1401', 2, 10, '2024-01-14 22:30:00', '2024-01-15 23:30:00', 3, 190, 210, 0),
(1402, 'FL1402', 2, 10, '2024-01-15 09:30:00', '2024-01-15 10:30:00', 3, 200, 220, 0),
(1403, 'FL1403', 2, 10, '2024-01-16 14:30:00', '2024-01-16 15:30:00', 3, 210, 230, 0),
(1404, 'FL1404', 2, 10, '2024-01-17 19:30:00', '2024-01-17 20:30:00', 3, 220, 240, 0),
(1405, 'FL1405', 2, 10, '2024-01-18 06:30:00', '2024-01-18 07:30:00', 3, 230, 250, 0),
(1406, 'FL1406', 2, 10, '2024-01-19 23:30:00', '2024-01-20 00:30:00', 3, 240, 260, 0),
(1407, 'FL1407', 2, 10, '2024-01-20 18:30:00', '2024-01-21 19:30:00', 3, 250, 270, 0),
(1408, 'FL1408', 2, 10, '2024-01-21 13:30:00', '2024-01-21 14:30:00', 3, 260, 280, 0),
(1409, 'FL1409', 2, 10, '2024-01-22 17:30:00', '2024-01-22 18:30:00', 3, 270, 290, 0),
(1410, 'FL1410', 2, 10, '2024-01-23 00:30:00', '2024-01-23 01:30:00', 3, 280, 300, 0),
(1411, 'FL1411', 2, 10, '2024-01-23 15:30:00', '2024-01-23 16:30:00', 3, 290, 310, 0),
(1412, 'FL1412', 2, 10, '2024-01-24 10:30:00', '2024-01-24 11:30:00', 3, 300, 320, 0),
(1413, 'FL1413', 2, 10, '2024-01-25 14:30:00', '2024-01-25 15:30:00', 3, 310, 330, 0),
(1414, 'FL1414', 2, 10, '2024-01-26 09:30:00', '2024-01-26 10:30:00', 3, 320, 340, 0),
(1415, 'FL1415', 2, 10, '2024-01-27 03:30:00', '2024-01-27 04:30:00', 3, 330, 350, 0),
(1416, 'FL1416', 2, 10, '2024-01-28 08:30:00', '2024-01-28 09:30:00', 3, 340, 360, 0),
(1417, 'FL1417', 2, 10, '2024-01-29 12:30:00', '2024-01-29 13:30:00', 3, 350, 370, 0),
(1418, 'FL1418', 2, 10, '2024-01-30 17:30:00', '2024-01-30 18:30:00', 3, 360, 380, 0),
(1419, 'FL1419', 2, 10, '2024-01-31 04:30:00', '2024-01-31 05:30:00', 3, 370, 390, 0),
(1420, 'FL1420', 2, 10, '2024-01-31 23:30:00', '2024-02-01 00:30:00', 3, 380, 400, 0),
(1421, 'FL1421', 10, 3, '2024-01-09 10:45:00', '2024-01-09 11:45:00', 3, 130, 150, 0),
(1422, 'FL1422', 10, 3, '2024-01-10 19:45:00', '2024-01-10 20:45:00', 3, 140, 160, 0),
(1423, 'FL1423', 10, 3, '2024-01-11 00:45:00', '2024-01-11 01:45:00', 3, 150, 170, 0),
(1424, 'FL1424', 10, 3, '2024-01-12 05:45:00', '2024-01-12 06:45:00', 3, 160, 180, 0),
(1425, 'FL1425', 10, 3, '2024-01-12 20:45:00', '2024-01-13 21:45:00', 3, 170, 190, 0),
(1426, 'FL1426', 10, 3, '2024-01-13 15:45:00', '2024-01-13 16:45:00', 3, 180, 200, 0),
(1427, 'FL1427', 10, 3, '2024-01-14 19:45:00', '2024-01-14 20:45:00', 3, 190, 210, 0),
(1428, 'FL1428', 10, 3, '2024-01-15 02:45:00', '2024-01-15 03:45:00', 3, 200, 220, 0),
(1429, 'FL1429', 10, 3, '2024-01-15 17:45:00', '2024-01-16 18:45:00', 3, 210, 230, 0),
(1430, 'FL1430', 10, 3, '2024-01-16 12:45:00', '2024-01-16 13:45:00', 3, 220, 240, 0),
(1431, 'FL1431', 10, 3, '2024-01-17 15:45:00', '2024-01-17 16:45:00', 3, 230, 250, 0),
(1432, 'FL1432', 10, 3, '2024-01-18 00:45:00', '2024-01-18 01:45:00', 3, 240, 260, 0),
(1433, 'FL1433', 10, 3, '2024-01-19 17:45:00', '2024-01-19 18:45:00', 3, 250, 270, 0),
(1434, 'FL1434', 10, 3, '2024-01-20 12:45:00', '2024-01-20 13:45:00', 3, 260, 280, 0),
(1435, 'FL1435', 10, 3, '2024-01-21 16:45:00', '2024-01-21 17:45:00', 3, 270, 290, 0),
(1436, 'FL1436', 10, 3, '2024-01-22 21:45:00', '2024-01-23 22:45:00', 3, 280, 300, 0),
(1437, 'FL1437', 10, 3, '2024-01-23 06:45:00', '2024-01-24 07:45:00', 3, 290, 310, 0),
(1438, 'FL1438', 10, 3, '2024-01-24 01:45:00', '2024-01-24 02:45:00', 3, 300, 320, 0),
(1439, 'FL1439', 10, 3, '2024-01-25 04:45:00', '2024-01-25 05:45:00', 3, 310, 330, 0),
(1440, 'FL1440', 10, 3, '2024-01-26 09:45:00', '2024-01-26 10:45:00', 3, 320, 340, 0),
(1441, 'FL1441', 10, 3, '2024-01-27 13:45:00', '2024-01-27 14:45:00', 3, 330, 350, 0),
(1442, 'FL1442', 10, 3, '2024-01-28 18:45:00', '2024-01-28 19:45:00', 3, 340, 360, 0),
(1443, 'FL1443', 10, 3, '2024-01-29 03:45:00', '2024-01-29 04:45:00', 3, 350, 370, 0),
(1444, 'FL1444', 10, 3, '2024-01-30 22:45:00', '2024-01-31 23:45:00', 3, 360, 380, 0),
(1445, 'FL1445', 10, 3, '2024-01-31 07:45:00', '2024-01-31 08:45:00', 3, 370, 390, 0),
(1446, 'FL1446', 3, 10, '2024-01-09 13:45:00', '2024-01-09 14:45:00', 3, 130, 150, 0),
(1447, 'FL1447', 3, 10, '2024-01-10 22:45:00', '2024-01-10 23:45:00', 3, 140, 160, 0),
(1448, 'FL1448', 3, 10, '2024-01-11 03:45:00', '2024-01-11 04:45:00', 3, 150, 170, 0),
(1449, 'FL1449', 3, 10, '2024-01-12 08:45:00', '2024-01-12 09:45:00', 3, 160, 180, 0),
(1450, 'FL1450', 3, 10, '2024-01-12 23:45:00', '2024-01-13 00:45:00', 3, 170, 190, 0),
(1451, 'FL1451', 3, 10, '2024-01-13 18:45:00', '2024-01-13 19:45:00', 3, 180, 200, 0),
(1452, 'FL1452', 3, 10, '2024-01-14 22:45:00', '2024-01-15 23:45:00', 3, 190, 210, 0),
(1453, 'FL1453', 3, 10, '2024-01-15 11:45:00', '2024-01-15 12:45:00', 3, 200, 220, 0),
(1454, 'FL1454', 3, 10, '2024-01-16 16:45:00', '2024-01-16 17:45:00', 3, 210, 230, 0),
(1455, 'FL1455', 3, 10, '2024-01-17 11:45:00', '2024-01-17 12:45:00', 3, 220, 240, 0),
(1456, 'FL1456', 3, 10, '2024-01-18 14:45:00', '2024-01-18 15:45:00', 3, 230, 250, 0),
(1457, 'FL1457', 3, 10, '2024-01-19 01:45:00', '2024-01-19 02:45:00', 3, 240, 260, 0),
(1458, 'FL1458', 3, 10, '2024-01-19 18:45:00', '2024-01-20 19:45:00', 3, 250, 270, 0),
(1459, 'FL1459', 3, 10, '2024-01-20 13:45:00', '2024-01-21 14:45:00', 3, 260, 280, 0),
(1460, 'FL1460', 3, 10, '2024-01-21 08:45:00', '2024-01-21 09:45:00', 3, 270, 290, 0),
(1461, 'FL1461', 3, 10, '2024-01-22 12:45:00', '2024-01-22 13:45:00', 3, 280, 300, 0),
(1462, 'FL1462', 3, 10, '2024-01-23 02:45:00', '2024-01-23 03:45:00', 3, 290, 310, 0),
(1463, 'FL1463', 3, 10, '2024-01-23 17:45:00', '2024-01-23 18:45:00', 3, 300, 320, 0),
(1464, 'FL1464', 3, 10, '2024-01-24 12:45:00', '2024-01-24 13:45:00', 3, 310, 330, 0),
(1465, 'FL1465', 3, 10, '2024-01-25 16:45:00', '2024-01-25 17:45:00', 3, 320, 340, 0),
(1466, 'FL1466', 3, 10, '2024-01-26 11:45:00', '2024-01-26 12:45:00', 3, 330, 350, 0),
(1467, 'FL1467', 3, 10, '2024-01-27 06:45:00', '2024-01-27 07:45:00', 3, 340, 360, 0),
(1468, 'FL1468', 3, 10, '2024-01-28 10:45:00', '2024-01-28 11:45:00', 3, 350, 370, 0),
(1469, 'FL1469', 3, 10, '2024-01-29 15:45:00', '2024-01-29 16:45:00', 3, 360, 380, 0),
(1470, 'FL1470', 3, 10, '2024-01-30 20:45:00', '2024-01-30 21:45:00', 3, 370, 390, 0),
(1471, 'FL1471', 3, 10, '2024-01-31 05:45:00', '2024-01-31 06:45:00', 3, 380, 400, 0),
(1473, 'FL1473', 10, 4, '2024-01-10 20:30:00', '2024-01-10 21:30:00', 3, 130, 150, 0),
(1474, 'FL1474', 10, 4, '2024-01-11 01:30:00', '2024-01-11 02:30:00', 3, 140, 160, 0),
(1475, 'FL1475', 10, 4, '2024-01-12 06:30:00', '2024-01-12 07:30:00', 3, 150, 170, 0),
(1476, 'FL1476', 10, 4, '2024-01-12 21:30:00', '2024-01-13 22:30:00', 3, 160, 180, 0),
(1477, 'FL1477', 10, 4, '2024-01-13 16:30:00', '2024-01-13 17:30:00', 3, 170, 190, 0),
(1478, 'FL1478', 10, 4, '2024-01-14 20:30:00', '2024-01-14 21:30:00', 3, 180, 200, 0),
(1479, 'FL1479', 10, 4, '2024-01-15 03:30:00', '2024-01-15 04:30:00', 3, 190, 210, 0),
(1480, 'FL1480', 10, 4, '2024-01-15 18:30:00', '2024-01-16 19:30:00', 3, 200, 220, 0),
(1481, 'FL1481', 10, 4, '2024-01-16 13:30:00', '2024-01-16 14:30:00', 3, 210, 230, 0),
(1482, 'FL1482', 10, 4, '2024-01-17 16:30:00', '2024-01-17 17:30:00', 3, 220, 240, 0),
(1483, 'FL1483', 10, 4, '2024-01-18 01:30:00', '2024-01-18 02:30:00', 3, 230, 250, 0),
(1484, 'FL1484', 10, 4, '2024-01-19 18:30:00', '2024-01-19 19:30:00', 3, 240, 260, 0),
(1485, 'FL1485', 10, 4, '2024-01-20 13:30:00', '2024-01-21 14:30:00', 3, 250, 270, 0),
(1486, 'FL1486', 10, 4, '2024-01-21 08:30:00', '2024-01-21 09:30:00', 3, 260, 280, 0),
(1487, 'FL1487', 10, 4, '2024-01-22 12:30:00', '2024-01-22 13:30:00', 3, 270, 290, 0),
(1488, 'FL1488', 10, 4, '2024-01-23 03:30:00', '2024-01-23 04:30:00', 3, 280, 300, 0),
(1489, 'FL1489', 10, 4, '2024-01-23 18:30:00', '2024-01-23 19:30:00', 3, 290, 310, 0),
(1490, 'FL1490', 10, 4, '2024-01-24 13:30:00', '2024-01-24 14:30:00', 3, 300, 320, 0),
(1491, 'FL1491', 10, 4, '2024-01-25 17:30:00', '2024-01-25 18:30:00', 3, 310, 330, 0),
(1492, 'FL1492', 10, 4, '2024-01-26 12:30:00', '2024-01-26 13:30:00', 3, 320, 340, 0),
(1493, 'FL1493', 10, 4, '2024-01-27 07:30:00', '2024-01-27 08:30:00', 3, 330, 350, 0),
(1494, 'FL1494', 10, 4, '2024-01-28 11:30:00', '2024-01-28 12:30:00', 3, 340, 360, 0),
(1495, 'FL1495', 10, 4, '2024-01-29 16:30:00', '2024-01-29 17:30:00', 3, 350, 370, 0),
(1496, 'FL1496', 10, 4, '2024-01-30 21:30:00', '2024-01-30 22:30:00', 3, 360, 380, 0),
(1497, 'FL1497', 10, 4, '2024-01-31 06:30:00', '2024-01-31 07:30:00', 3, 370, 390, 0),
(1498, 'FL1498', 4, 10, '2024-01-09 14:30:00', '2024-01-09 15:30:00', 3, 130, 150, 0),
(1499, 'FL1499', 4, 10, '2024-01-10 23:30:00', '2024-01-11 00:30:00', 3, 140, 160, 0),
(1500, 'FL1500', 4, 10, '2024-01-11 04:30:00', '2024-01-11 05:30:00', 3, 150, 170, 0),
(1501, 'FL1501', 4, 10, '2024-01-12 09:30:00', '2024-01-12 10:30:00', 3, 160, 180, 0),
(1502, 'FL1502', 4, 10, '2024-01-12 00:30:00', '2024-01-13 01:30:00', 3, 170, 190, 0),
(1503, 'FL1503', 4, 10, '2024-01-13 19:30:00', '2024-01-13 20:30:00', 3, 180, 200, 0),
(1504, 'FL1504', 4, 10, '2024-01-14 23:30:00', '2024-01-15 00:30:00', 3, 190, 210, 0),
(1505, 'FL1505', 4, 10, '2024-01-15 14:30:00', '2024-01-15 15:30:00', 3, 200, 220, 0),
(1506, 'FL1506', 4, 10, '2024-01-16 19:30:00', '2024-01-16 20:30:00', 3, 210, 230, 0),
(1507, 'FL1507', 4, 10, '2024-01-17 14:30:00', '2024-01-17 15:30:00', 3, 220, 240, 0),
(1508, 'FL1508', 4, 10, '2024-01-18 17:30:00', '2024-01-18 18:30:00', 3, 230, 250, 0),
(1509, 'FL1509', 4, 10, '2024-01-19 04:30:00', '2024-01-19 05:30:00', 3, 240, 260, 0),
(1510, 'FL1510', 4, 10, '2024-01-19 21:30:00', '2024-01-20 22:30:00', 3, 250, 270, 0),
(1511, 'FL1511', 4, 10, '2024-01-20 16:30:00', '2024-01-21 17:30:00', 3, 260, 280, 0),
(1512, 'FL1512', 4, 10, '2024-01-21 11:30:00', '2024-01-21 12:30:00', 3, 270, 290, 0),
(1513, 'FL1513', 4, 10, '2024-01-22 15:30:00', '2024-01-22 16:30:00', 3, 280, 300, 0),
(1514, 'FL1514', 4, 10, '2024-01-23 05:30:00', '2024-01-23 06:30:00', 3, 290, 310, 0),
(1515, 'FL1515', 4, 10, '2024-01-23 20:30:00', '2024-01-23 21:30:00', 3, 300, 320, 0),
(1516, 'FL1516', 4, 10, '2024-01-24 15:30:00', '2024-01-24 16:30:00', 3, 310, 330, 0),
(1517, 'FL1517', 4, 10, '2024-01-25 19:30:00', '2024-01-25 20:30:00', 3, 320, 340, 0),
(1518, 'FL1518', 4, 10, '2024-01-26 14:30:00', '2024-01-26 15:30:00', 3, 330, 350, 0),
(1519, 'FL1519', 4, 10, '2024-01-27 09:30:00', '2024-01-27 10:30:00', 3, 340, 360, 0),
(1520, 'FL1520', 4, 10, '2024-01-28 13:30:00', '2024-01-28 14:30:00', 3, 350, 370, 0),
(1521, 'FL1521', 4, 10, '2024-01-29 18:30:00', '2024-01-29 19:30:00', 3, 360, 380, 0),
(1522, 'FL1522', 4, 10, '2024-01-30 23:30:00', '2024-01-31 00:30:00', 3, 370, 390, 0),
(1523, 'FL1523', 4, 10, '2024-01-31 08:30:00', '2024-01-31 09:30:00', 3, 380, 400, 0),
(1524, 'FL1524', 6, 10, '2024-01-09 14:30:00', '2024-01-09 15:30:00', 3, 130, 150, 0),
(1525, 'FL1525', 6, 10, '2024-01-10 23:30:00', '2024-01-11 00:30:00', 3, 140, 160, 0),
(1526, 'FL1526', 6, 10, '2024-01-11 04:30:00', '2024-01-11 05:30:00', 3, 150, 170, 0),
(1527, 'FL1527', 6, 10, '2024-01-12 09:30:00', '2024-01-12 10:30:00', 3, 160, 180, 0),
(1528, 'FL1528', 6, 10, '2024-01-12 00:30:00', '2024-01-13 01:30:00', 3, 170, 190, 0),
(1529, 'FL1529', 6, 10, '2024-01-13 19:30:00', '2024-01-13 20:30:00', 3, 180, 200, 0),
(1530, 'FL1530', 6, 10, '2024-01-14 23:30:00', '2024-01-15 00:30:00', 3, 190, 210, 0),
(1531, 'FL1531', 6, 10, '2024-01-15 14:30:00', '2024-01-15 15:30:00', 3, 200, 220, 0),
(1532, 'FL1532', 6, 10, '2024-01-16 19:30:00', '2024-01-16 20:30:00', 3, 210, 230, 0),
(1533, 'FL1533', 6, 10, '2024-01-17 14:30:00', '2024-01-17 15:30:00', 3, 220, 240, 0),
(1534, 'FL1534', 6, 10, '2024-01-18 17:30:00', '2024-01-18 18:30:00', 3, 230, 250, 0),
(1535, 'FL1535', 6, 10, '2024-01-19 04:30:00', '2024-01-19 05:30:00', 3, 240, 260, 0),
(1536, 'FL1536', 6, 10, '2024-01-19 21:30:00', '2024-01-20 22:30:00', 3, 250, 270, 0),
(1537, 'FL1537', 6, 10, '2024-01-20 16:30:00', '2024-01-21 17:30:00', 3, 260, 280, 0),
(1538, 'FL1538', 6, 10, '2024-01-21 11:30:00', '2024-01-21 12:30:00', 3, 270, 290, 0),
(1539, 'FL1539', 6, 10, '2024-01-22 15:30:00', '2024-01-22 16:30:00', 3, 280, 300, 0),
(1540, 'FL1540', 6, 10, '2024-01-23 05:30:00', '2024-01-23 06:30:00', 3, 290, 310, 0),
(1541, 'FL1541', 6, 10, '2024-01-23 20:30:00', '2024-01-23 21:30:00', 3, 300, 320, 0),
(1542, 'FL1542', 6, 10, '2024-01-24 15:30:00', '2024-01-24 16:30:00', 3, 310, 330, 0),
(1543, 'FL1543', 6, 10, '2024-01-25 19:30:00', '2024-01-25 20:30:00', 3, 320, 340, 0),
(1544, 'FL1544', 6, 10, '2024-01-26 14:30:00', '2024-01-26 15:30:00', 3, 330, 350, 0),
(1545, 'FL1545', 6, 10, '2024-01-27 09:30:00', '2024-01-27 10:30:00', 3, 340, 360, 0),
(1546, 'FL1546', 6, 10, '2024-01-28 13:30:00', '2024-01-28 14:30:00', 3, 350, 370, 0),
(1547, 'FL1547', 6, 10, '2024-01-29 18:30:00', '2024-01-29 19:30:00', 3, 360, 380, 0),
(1548, 'FL1548', 6, 10, '2024-01-30 23:30:00', '2024-01-31 00:30:00', 3, 370, 390, 0),
(1549, 'FL1549', 6, 10, '2024-01-31 08:30:00', '2024-01-31 09:30:00', 3, 380, 400, 0),
(1550, 'FL1550', 10, 6, '2024-01-09 15:30:00', '2024-01-09 16:30:00', 3, 120, 140, 0),
(1551, 'FL1551', 10, 6, '2024-01-10 00:30:00', '2024-01-10 01:30:00', 3, 130, 150, 0),
(1552, 'FL1552', 10, 6, '2024-01-11 05:30:00', '2024-01-11 06:30:00', 3, 140, 160, 0),
(1553, 'FL1553', 10, 6, '2024-01-12 10:30:00', '2024-01-12 11:30:00', 3, 150, 170, 0),
(1554, 'FL1554', 10, 6, '2024-01-12 01:30:00', '2024-01-13 02:30:00', 3, 160, 180, 0),
(1555, 'FL1555', 10, 6, '2024-01-13 20:30:00', '2024-01-13 21:30:00', 3, 170, 190, 0),
(1556, 'FL1556', 10, 6, '2024-01-14 00:30:00', '2024-01-15 01:30:00', 3, 180, 200, 0),
(1557, 'FL1557', 10, 6, '2024-01-15 15:30:00', '2024-01-15 16:30:00', 3, 190, 210, 0),
(1558, 'FL1558', 10, 6, '2024-01-16 20:30:00', '2024-01-16 21:30:00', 3, 200, 220, 0),
(1559, 'FL1559', 10, 6, '2024-01-17 15:30:00', '2024-01-17 16:30:00', 3, 210, 230, 0),
(1560, 'FL1560', 10, 6, '2024-01-18 18:30:00', '2024-01-18 19:30:00', 3, 220, 240, 0),
(1561, 'FL1561', 10, 6, '2024-01-19 05:30:00', '2024-01-19 06:30:00', 3, 230, 250, 0),
(1562, 'FL1562', 10, 6, '2024-01-19 22:30:00', '2024-01-20 23:30:00', 3, 240, 260, 0),
(1563, 'FL1563', 10, 6, '2024-01-20 17:30:00', '2024-01-21 18:30:00', 3, 250, 270, 0),
(1564, 'FL1564', 10, 6, '2024-01-21 12:30:00', '2024-01-21 13:30:00', 3, 260, 280, 0),
(1565, 'FL1565', 10, 6, '2024-01-22 16:30:00', '2024-01-22 17:30:00', 3, 270, 290, 0),
(1566, 'FL1566', 10, 6, '2024-01-23 06:30:00', '2024-01-23 07:30:00', 3, 280, 300, 0),
(1567, 'FL1567', 10, 6, '2024-01-23 21:30:00', '2024-01-23 22:30:00', 3, 290, 310, 0),
(1568, 'FL1568', 10, 6, '2024-01-24 16:30:00', '2024-01-24 17:30:00', 3, 300, 320, 0),
(1569, 'FL1569', 10, 6, '2024-01-25 20:30:00', '2024-01-25 21:30:00', 3, 310, 330, 0),
(1570, 'FL1570', 10, 6, '2024-01-26 15:30:00', '2024-01-26 16:30:00', 3, 320, 340, 0),
(1571, 'FL1571', 10, 6, '2024-01-27 10:30:00', '2024-01-27 11:30:00', 3, 330, 350, 0),
(1572, 'FL1572', 10, 6, '2024-01-28 14:30:00', '2024-01-28 15:30:00', 3, 340, 360, 0),
(1573, 'FL1573', 10, 6, '2024-01-29 19:30:00', '2024-01-29 20:30:00', 3, 350, 370, 0),
(1574, 'FL1574', 10, 6, '2024-01-30 00:30:00', '2024-01-31 01:30:00', 3, 360, 380, 0),
(1575, 'FL1575', 10, 6, '2024-01-31 09:30:00', '2024-01-31 10:30:00', 3, 370, 390, 0);

-- --------------------------------------------------------

--
-- Table structure for table `info_bilete`
--

CREATE TABLE `info_bilete` (
  `emri` varchar(100) NOT NULL,
  `mbiemri` varchar(100) NOT NULL,
  `gjinia` varchar(100) NOT NULL,
  `nrTel` varchar(100) NOT NULL,
  `data` date NOT NULL,
  `vendi_nisjes` varchar(100) NOT NULL,
  `vendi_mberritjes` varchar(100) NOT NULL,
  `klasi` varchar(100) NOT NULL,
  `bagazhe` varchar(100) NOT NULL,
  `id_biletes` int(100) NOT NULL,
  `nr_biletave` int(100) NOT NULL,
  `totali` int(100) NOT NULL
) ENGINE=InnoDB DEFAULT CHARSET=utf8mb4 COLLATE=utf8mb4_general_ci;

-- --------------------------------------------------------

--
-- Table structure for table `perdoruesit`
--

CREATE TABLE `perdoruesit` (
  `id` int(11) NOT NULL,
  `email` varchar(100) NOT NULL,
  `password` varchar(100) NOT NULL
) ENGINE=InnoDB DEFAULT CHARSET=utf8mb4 COLLATE=utf8mb4_general_ci;

--
-- Dumping data for table `perdoruesit`
--

INSERT INTO `perdoruesit` (`id`, `email`, `password`) VALUES
(1, 'kostikatome@gmail.com', 'admin123'),
(13, 'tomekostika1@gmail.com', 'admin123'),
(14, 'hyskokjara@gmail.com', 'kjara123\r\n'),
(15, 'kjarahysko@gmail.com', 'kjara123');

-- --------------------------------------------------------

--
-- Table structure for table `shtetet`
--

CREATE TABLE `shtetet` (
  `shteti_id` int(11) NOT NULL,
  `emri_shtetit` text NOT NULL
) ENGINE=InnoDB DEFAULT CHARSET=utf8mb4 COLLATE=utf8mb4_general_ci;

--
-- Dumping data for table `shtetet`
--

INSERT INTO `shtetet` (`shteti_id`, `emri_shtetit`) VALUES
(1, 'Itali'),
(2, 'Franc'),
(3, 'Shqipri'),
(4, 'Gjermani');

--
-- Indexes for dumped tables
--

--
-- Indexes for table `aeroportet`
--
ALTER TABLE `aeroportet`
  ADD PRIMARY KEY (`aeroporti_id`),
  ADD KEY `shteti_id` (`shteti_id`);

--
-- Indexes for table `avionet`
--
ALTER TABLE `avionet`
  ADD PRIMARY KEY (`avioni_id`);

--
-- Indexes for table `fluturimet`
--
ALTER TABLE `fluturimet`
  ADD PRIMARY KEY (`fluturimi_id`),
  ADD KEY `aeroporti_nisjes_id` (`aeroporti_nisjes_id`),
  ADD KEY `aeroporti_destinacionit_id` (`aeroporti_destinacionit_id`),
  ADD KEY `avioni_id` (`avioni_id`);

--
-- Indexes for table `perdoruesit`
--
ALTER TABLE `perdoruesit`
  ADD PRIMARY KEY (`id`);

--
-- Indexes for table `shtetet`
--
ALTER TABLE `shtetet`
  ADD PRIMARY KEY (`shteti_id`);

--
-- AUTO_INCREMENT for dumped tables
--

--
-- AUTO_INCREMENT for table `perdoruesit`
--
ALTER TABLE `perdoruesit`
  MODIFY `id` int(11) NOT NULL AUTO_INCREMENT, AUTO_INCREMENT=16;

--
-- Constraints for dumped tables
--

--
-- Constraints for table `aeroportet`
--
ALTER TABLE `aeroportet`
  ADD CONSTRAINT `aeroportet_ibfk_1` FOREIGN KEY (`shteti_id`) REFERENCES `shtetet` (`shteti_id`);

--
-- Constraints for table `fluturimet`
--
ALTER TABLE `fluturimet`
  ADD CONSTRAINT `fluturimet_ibfk_1` FOREIGN KEY (`aeroporti_nisjes_id`) REFERENCES `aeroportet` (`aeroporti_id`),
  ADD CONSTRAINT `fluturimet_ibfk_2` FOREIGN KEY (`aeroporti_destinacionit_id`) REFERENCES `aeroportet` (`aeroporti_id`),
  ADD CONSTRAINT `fluturimet_ibfk_3` FOREIGN KEY (`avioni_id`) REFERENCES `avionet` (`avioni_id`);
COMMIT;

/*!40101 SET CHARACTER_SET_CLIENT=@OLD_CHARACTER_SET_CLIENT */;
/*!40101 SET CHARACTER_SET_RESULTS=@OLD_CHARACTER_SET_RESULTS */;
/*!40101 SET COLLATION_CONNECTION=@OLD_COLLATION_CONNECTION */;
